sp;gen;fam;Growth_Rings;Vessel_porosity;Vessel_arangement;Perforation_plates; Intervessel_pits_arregement;Mean_tangential_diameter_of_vessel_lumina;Ground_tissue_fibres;Septa_in_fibers;Fibre_wall_thickness;Parenchyma_Paratracheal;Type_of_parenchyma_banding;Ray_width;Rays_cellular_composition
Abuta_grandifolia;Abuta;MENISPERMACEAE;1;2;3;0;2;2;2;1;2;1;5;2;0
Abuta_rufescens;Abuta;MENISPERMACEAE;0;2;3;0;2;2;1;1;2;0;1;3;4
Acalypha_SPP.;Acalypha;EUPHORBIACEAE;1;2;3;1;2;2;1;0;1;0;5;2;5
Acanthosyris_falcata;Acanthosyris;SANTALACEAE;1;2;1;0;2;1;0;1;2;1;4;2;0
Acanthosyris_glabrata;Acanthosyris;SANTALACEAE;1;2;1;0;1;1;0;1;2;1;5;2;2
Acioa_guianensis;Acioa;CHRYSOBALANACEAE;1;2;3;0;2;3;1;1;2;0;2;0;2
Acmanthera_latifolia;Acmanthera;MALPIGHIACEAE;1;2;3;0;2;0;0;0;2;1;5;1;4
Actinocheita_filicina;Actinocheita;ANACARDIACEAE;1;2;3;0;2;1;0;0;1;1;5;1;2
Actinostemon_amazonicus;Actinostemon;EUPHORBIACEAE;0;2;1;0;2;1;0;1;2;0;1;1;1
Actinostemon_klotzschii;Actinostemon;EUPHORBIACEAE;0;2;3;0;2;0;0;1;1;0;5;0;5
Adelia_SP.;Adelia;EUPHORBIACEAE;1;2;3;0;2;1;0;1;2;0;5;0;2
Adelia_triloba;Adelia;EUPHORBIACEAE;1;2;3;0;2;1;0;1;2;0;2;0;4
Adelobotrys_macrantha;Adelobotrys;MELASTOMATACEAE;1;2;3;0;2;2;0;1;1;1;5;0;1
Adelobotrys_saxosa;Adelobotrys;MELASTOMATACEAE;1;2;3;0;2;1;0;1;1;1;1;0;1
Adenaria_floribunda;Adenaria;LYTHRACEAE;0;2;3;0;2;1;0;0;0;0;5;0;1
Adenocalymma_acutissimum;Adenocalymma;BIGNONIACEAE;0;2;1;0;2;2;0;0;1;1;3;2;5
Adenocalymma_divaricatum;Adenocalymma;BIGNONIACEAE;0;1;3;0;2;1;0;1;1;1;5;2;5
Adiscanthus_fusciflorus;Adiscanthus;RUTACEAE;1;2;1;0;2;0;0;1;2;1;5;1;2
Aegiphila_verticillata;Aegiphila;LAMIACEAE;0;2;3;0;2;1;0;1;1;1;5;2;3
Agarista_revoluta;Agarista;ERICACEAE;0;2;3;1;1;1;0;1;1;1;5;2;4
Agonandra_brasiliensis;Agonandra;OPILIACEAE;1;2;3;0;2;1;1;1;2;0;5;1;0
Aiouea_impressa;Aiouea;LAURACEAE;1;2;3;0;2;2;0;1;1;1;5;1;2
Alchornea_discolor;Alchornea;EUPHORBIACEAE;1;2;3;0;2;2;0;1;1;0;5;0;1
Alchornea_glandulosa;Alchornea;EUPHORBIACEAE;1;2;3;0;2;2;0;1;0;0;5;1;4
Alchornea_latifolia;Alchornea;EUPHORBIACEAE;0;2;3;0;2;3;0;1;0;0;5;0;1
Alchornea_sidifolia;Alchornea;EUPHORBIACEAE;0;2;3;0;2;2;0;1;0;1;5;1;1
Alchornea_triplinervia;Alchornea;EUPHORBIACEAE;1;2;3;0;2;2;1;1;1;1;1;0;2
Alchorneopsis_floribunda;Alchorneopsis;EUPHORBIACEAE;1;2;3;0;2;2;0;1;0;0;3;1;4
Alchorneopsis_SPP.;Alchorneopsis;EUPHORBIACEAE;1;2;3;0;2;2;1;1;1;0;5;1;4
Alfaroa_costaricensis;Alfaroa;JUGLANDACEAE;1;2;1;0;2;2;0;1;1;1;1;1;4
Alibertia_curviflora;Alibertia;RUBIACEAE;1;2;3;0;2;1;0;1;2;0;1;1;4
Alibertia_edulis;Alibertia;RUBIACEAE;1;2;3;0;2;2;1;1;2;0;1;1;4
Allantoma_decandra;Allantoma;LECYTHIDACEAE;1;2;3;0;2;2;1;1;1;0;1;1;0
Allantoma_lineata;Allantoma;LECYTHIDACEAE;1;2;3;0;2;1;1;1;1;0;2;1;2
Allophylus_cobbe;Allophylus;SAPINDACEAE;1;2;3;0;2;1;0;1;1;1;5;0;0
Allophylus_cominia;Allophylus;SAPINDACEAE;0;2;3;0;2;1;0;0;1;1;5;0;0
Allophylus_crassinervis;Allophylus;SAPINDACEAE;1;2;3;0;2;1;0;0;1;1;5;0;5
Allophylus_floribundus;Allophylus;SAPINDACEAE;1;2;3;0;2;1;0;0;1;0;5;0;2
Alseis_peruviana;Alseis;RUBIACEAE;1;2;3;0;2;1;0;0;1;0;5;2;4
Alseis_pickelii;Alseis;RUBIACEAE;0;2;3;0;2;0;1;0;1;0;5;1;3
Alseis_yucatanensis;Alseis;RUBIACEAE;1;2;3;0;2;1;0;1;1;0;5;2;2
Alvaradoa_amorphoides;Alvaradoa;PICRAMNIACEAE;1;2;1;0;2;1;1;1;1;0;5;1;2
Amaioua_glomerulata;Amaioua;RUBIACEAE;1;2;3;0;2;1;1;1;2;0;1;2;4
Amaioua_guianensis;Amaioua;RUBIACEAE;1;2;1;0;2;1;1;1;2;0;1;2;4
Amanoa_glaucophylla;Amanoa;PHYLLANTHACEAE;1;2;3;0;2;2;0;1;2;0;5;1;4
Amanoa_guianensis;Amanoa;PHYLLANTHACEAE;1;2;3;0;2;2;0;1;2;0;1;1;4
Ampelocera_edentula;Ampelocera;ULMACEAE;1;2;3;0;2;2;0;1;2;1;3;1;2
Ampelocera_hottlei;Ampelocera;ULMACEAE;1;2;3;0;2;1;0;1;1;1;1;2;0
Amphilophium_crucigerum;Amphilophium;BIGNONIACEAE;0;0;1;0;2;3;0;1;1;1;4;2;2
Amphipterygium_adstringens;Amphipterygium;ANACARDIACEAE;1;2;3;2;2;1;0;0;1;1;5;2;2
Amphirrhox_longifolia;Amphirrhox;VIOLACEAE;1;2;1;1;0;0;0;0;1;0;5;1;1
Amphitecna_donnell-smithii;Amphitecna;BIGNONIACEAE;1;2;3;0;2;1;0;1;1;1;5;0;0
Amphitecna_regalis;Amphitecna;BIGNONIACEAE;1;2;3;0;2;1;0;1;1;1;0;0;0
Amphitecna_tuxtlensis;Amphitecna;BIGNONIACEAE;1;2;3;0;2;2;0;1;1;1;5;1;0
Anacardium_excelsum;Anacardium;ANACARDIACEAE;1;2;3;0;2;2;0;1;1;1;5;1;3
Anacardium_giganteum;Anacardium;ANACARDIACEAE;1;2;3;0;2;2;0;1;1;1;5;1;2
Anacardium_occidentale;Anacardium;ANACARDIACEAE;1;2;3;0;2;3;0;1;1;1;5;1;5
Anacardium_parvifolium;Anacardium;ANACARDIACEAE;1;2;3;0;2;3;0;0;0;1;5;0;3
Anacardium_SPP.;Anacardium;ANACARDIACEAE;1;2;3;0;2;1;0;0;1;1;5;1;3
Anacardium_spruceanum;Anacardium;ANACARDIACEAE;1;2;3;0;2;2;0;1;0;1;5;0;2
Anaxagorea_acuminata;Anaxagorea;ANNONACEAE;1;2;3;0;2;1;2;1;1;0;3;2;2
Anaxagorea_dolichocarpa;Anaxagorea;ANNONACEAE;1;2;3;0;2;1;0;1;2;0;3;2;2
Anemopaegma_chamberlaynii;Anemopaegma;BIGNONIACEAE;1;2;3;0;2;2;0;0;1;1;5;1;5
Anemopaegma_prostratum;Anemopaegma;BIGNONIACEAE;0;2;3;0;2;2;0;0;1;1;5;2;5
Anemopaegma_SP.;Anemopaegma;BIGNONIACEAE;1;2;3;0;2;2;0;0;1;1;5;2;3
Aniba_affinis;Aniba;LAURACEAE;1;2;3;0;2;2;0;0;2;1;5;1;2
Aniba_canellila;Aniba;LAURACEAE;0;2;1;0;2;2;0;0;2;1;4;1;2
Aniba_hypoglauca;Aniba;LAURACEAE;1;2;3;0;2;2;0;0;1;1;5;1;2
Aniba_rosaeodora;Aniba;LAURACEAE;1;2;3;0;2;2;0;0;1;1;5;1;2
Aniba_SPP.;Aniba;LAURACEAE;1;2;1;0;2;2;0;0;1;1;4;1;3
Anisophyllea_manausensis;Anisophyllea;ANISOPHYLLEACEAE;1;2;3;0;2;3;2;1;2;1;1;3;4
Anisophyllea_SPP.;Anisophyllea;ANISOPHYLLEACEAE;1;2;3;0;2;3;1;1;1;0;1;3;2
Annona_cacans;Annona;ANNONACEAE;0;2;3;0;2;1;0;1;1;1;1;2;3
Annona_cherimola;Annona;ANNONACEAE;0;2;3;0;2;1;0;1;1;1;4;2;0
Annona_coriacea;Annona;ANNONACEAE;1;2;3;0;2;1;2;1;1;0;3;2;2
Annona_crassiflora;Annona;ANNONACEAE;1;2;3;0;2;1;0;1;1;0;1;2;5
Annona_emarginata;Annona;ANNONACEAE;1;2;3;0;2;1;2;1;1;0;1;2;0
Annona_glabra;Annona;ANNONACEAE;1;2;3;0;2;2;2;1;1;1;1;2;2
Annona_hypoglauca;Annona;ANNONACEAE;1;2;3;0;2;2;0;1;1;1;1;2;2
Annona_jahnii;Annona;ANNONACEAE;0;2;3;0;2;2;0;1;1;1;1;2;0
Annona_montana;Annona;ANNONACEAE;0;2;3;0;2;2;0;1;1;1;3;2;0
Annona_muricata;Annona;ANNONACEAE;1;2;3;0;2;2;2;1;1;1;2;2;2
Annona_neosericea;Annona;ANNONACEAE;0;2;3;0;2;2;0;1;1;0;1;2;2
Annona_purpurea;Annona;ANNONACEAE;1;2;3;0;2;2;0;1;1;1;1;2;0
Annona_squamosa;Annona;ANNONACEAE;1;2;3;0;2;2;0;1;1;0;3;2;2
Annona_sylvatica;Annona;ANNONACEAE;0;2;3;0;2;1;2;1;0;1;3;2;0
Anthodiscus_amazonicus;Anthodiscus;CARYOCARACEAE;1;2;3;0;2;2;0;1;2;1;5;1;4
Anthodiscus_spp.;Anthodiscus;CARYOCARACEAE;1;2;3;0;2;2;0;1;2;1;5;1;4
Anthodon_decussatum;Anthodon;CELASTRACEAE;1;2;1;0;2;2;0;1;1;1;4;3;3
Antirhea_jamaicensis;Antirhea;RUBIACEAE;1;2;3;0;2;0;0;0;1;1;4;1;4
Antirhea_SP.;Antirhea;RUBIACEAE;1;2;3;0;2;0;2;1;1;1;5;1;4
Antonia_ovata;Antonia;LOGANIACEAE;1;2;3;0;2;1;0;1;0;0;5;0;5
Antrocaryon_amazonicum;Antrocaryon;ANACARDIACEAE;1;2;3;0;2;2;0;0;1;1;5;1;3
Antrocaryon_SPP.;Antrocaryon;ANACARDIACEAE;0;2;3;0;2;2;0;0;1;1;5;2;3
Aparisthmium_cordatum;Aparisthmium;EUPHORBIACEAE;1;2;1;0;2;2;1;1;1;0;1;0;4
Aphananthe_monoica;Aphananthe;CANNABACEAE;0;1;3;0;2;1;0;1;1;1;1;1;2
Aptandra_liriosmoides;Aptandra;OLACACEAE;1;2;3;0;2;2;2;1;2;1;1;1;1
Aptandra_tubicina;Aptandra;OLACACEAE;1;2;1;0;2;2;2;1;2;1;1;1;2
Arbutus_tessellata;Arbutus;ERICACEAE;0;2;3;0;2;1;1;1;1;0;5;1;2
Arbutus_xalapensis;Arbutus;ERICACEAE;0;2;3;1;2;0;1;1;1;0;5;2;3
Archytaea_multiflora;Archytaea;BONNETIACEAE;1;2;3;0;2;2;1;1;1;1;5;1;2
Artocarpus_altilis;Artocarpus;MORACEAE;1;2;3;0;2;3;0;1;1;1;5;2;2
Aspidosperma_album;Aspidosperma;APOCYNACEAE;1;2;3;0;2;2;1;1;1;1;5;1;2
Aspidosperma_araracanga;Aspidosperma;APOCYNACEAE;0;2;3;0;2;2;1;1;2;1;5;1;2
Aspidosperma_australe;Aspidosperma;APOCYNACEAE;1;2;3;0;2;0;1;1;1;0;4;0;0
Aspidosperma_cuspa;Aspidosperma;APOCYNACEAE;1;2;3;1;2;0;1;1;2;0;5;1;2
Aspidosperma_cylindrocarpon;Aspidosperma;APOCYNACEAE;1;2;3;0;2;0;1;1;2;0;5;1;2
Aspidosperma_eburneum;Aspidosperma;APOCYNACEAE;1;2;3;0;2;1;1;1;1;0;5;1;0
Aspidosperma_excelsum;Aspidosperma;APOCYNACEAE;1;2;3;0;2;1;2;1;1;1;5;1;2
Aspidosperma_macrocarpon;Aspidosperma;APOCYNACEAE;1;2;3;0;2;1;1;1;1;0;5;0;0
Aspidosperma_megalocarpon;Aspidosperma;APOCYNACEAE;1;2;3;0;2;2;1;1;1;1;5;1;0
Aspidosperma_nitidum;Aspidosperma;APOCYNACEAE;1;2;3;0;2;2;1;1;2;0;1;1;2
Aspidosperma_olivaceum;Aspidosperma;APOCYNACEAE;0;2;3;0;2;1;2;1;1;1;5;0;1
Aspidosperma_parvifolium;Aspidosperma;APOCYNACEAE;1;2;3;0;2;0;2;1;2;0;4;0;0
Aspidosperma_polyneuron;Aspidosperma;APOCYNACEAE;1;2;3;0;2;0;2;1;2;1;5;1;2
Aspidosperma_pyricollum;Aspidosperma;APOCYNACEAE;0;2;3;0;2;1;1;1;1;1;5;0;2
Aspidosperma_quebracho-blanco;Aspidosperma;APOCYNACEAE;1;2;3;0;2;2;1;1;2;1;1;1;2
Aspidosperma_ramiflorum;Aspidosperma;APOCYNACEAE;0;2;3;0;2;1;1;1;1;0;5;1;0
Aspidosperma_spruceanum;Aspidosperma;APOCYNACEAE;1;2;3;0;2;2;2;1;1;1;5;1;2
Aspidosperma_tomentosum;Aspidosperma;APOCYNACEAE;1;2;3;0;2;1;1;1;1;0;4;1;0
Astronium_fraxinifolium;Astronium;ANACARDIACEAE;1;2;3;0;2;2;0;0;1;1;5;2;3
Astronium_graveolens;Astronium;ANACARDIACEAE;1;2;3;0;2;2;0;0;2;1;1;2;2
Astronium_lecointei;Astronium;ANACARDIACEAE;1;2;3;0;2;2;0;0;2;1;5;1;3
Astronium_SPP.;Astronium;ANACARDIACEAE;0;2;3;0;2;1;0;0;1;1;5;2;2
Astronium_ulei;Astronium;ANACARDIACEAE;1;2;3;0;2;1;0;1;1;1;5;1;3
Avicennia_germinans;Avicennia;ACANTHACEAE;1;2;1;0;2;1;0;1;1;1;1;1;1
Avicennia_marina;Avicennia;ACANTHACEAE;1;2;1;0;2;1;0;1;2;1;5;2;5
Avicennia_SPP.;Avicennia;ACANTHACEAE;0;2;3;0;2;1;0;0;2;1;5;2;3
Axinaea_nitida;Axinaea;MELASTOMATACEAE;1;2;3;0;2;0;0;1;0;1;5;1;0
Baccharis_crispa;Baccharis;ASTERACEAE;1;2;1;0;2;0;0;1;1;1;5;1;4
Baccharis_dracunculifolia;Baccharis;ASTERACEAE;0;2;2;0;2;0;2;1;1;1;5;1;0
Badiera_SP.;Badiera;POLYGALACEAE;1;2;3;0;2;0;1;1;2;1;5;1;4
Bagassa_guianensis;Bagassa;MORACEAE;1;2;3;0;2;3;0;1;1;1;5;2;2
Balfourodendron_riedelianum;Balfourodendron;RUTACEAE;0;2;1;0;2;1;0;1;2;1;4;1;2
Balmea_stormiae;Balmea;RUBIACEAE;1;2;3;0;2;1;0;1;0;0;5;1;4
Banara_guianensis;Banara;SALICACEAE;1;2;3;0;2;1;1;0;1;0;5;2;4
Banara_nitida;Banara;SALICACEAE;1;2;3;0;2;1;0;0;1;0;5;2;4
Banara_SPP.;Banara;SALICACEAE;1;2;3;0;2;1;1;0;1;0;5;2;4
Bathysa_sp.;Bathysa;RUBIACEAE;1;2;3;0;2;2;0;0;1;0;5;2;4
Batocarpus_amazonicus;Batocarpus;MORACEAE;1;2;3;0;2;2;0;1;1;1;1;2;3
Bauhinia_forficata;Bauhinia;LEGUMINOSAE;1;2;3;0;2;1;0;1;1;1;5;2;2
Bauhinia_rufa;Bauhinia;LEGUMINOSAE;0;2;3;0;2;1;1;1;2;1;4;1;0
Begonia_parviflora;Begonia;BEGONIACEAE;1;2;3;0;0;1;0;1;1;1;5;3;1
Beilschmiedia_rigida;Beilschmiedia;LAURACEAE;0;2;3;0;2;2;0;1;1;1;4;3;2
Beilschmiedia_SP.;Beilschmiedia;LAURACEAE;1;2;3;0;2;2;0;0;1;1;1;1;3
Beilschmiedia_sulcata;Beilschmiedia;LAURACEAE;0;2;3;0;2;2;2;1;1;1;4;2;3
Bellucia_grossularioides;Bellucia;MELASTOMATACEAE;1;2;3;0;2;2;0;0;1;1;5;0;5
Bellucia_SPP.;Bellucia;MELASTOMATACEAE;1;2;3;0;2;2;0;0;1;1;5;0;5
Berberis_cuatrecasasii;Berberis;BERBERIDACEAE;1;2;3;0;2;0;2;0;1;0;5;3;3
Berberis_quinquefolia;Berberis;BERBERIDACEAE;0;2;1;0;2;1;2;1;1;0;5;2;3
Berberis_vallensis;Berberis;BERBERIDACEAE;1;2;1;0;2;1;0;0;1;0;5;2;2
Bernardia_mexicana;Bernardia;EUPHORBIACEAE;0;2;3;0;2;1;2;1;2;1;5;1;4
Bertholletia_excelsa;Bertholletia;LECYTHIDACEAE;1;2;3;0;2;2;0;1;1;0;2;1;3
Bertiera_guianensis;Bertiera;RUBIACEAE;1;2;3;0;2;0;2;1;1;0;5;1;4
Bignonia_aequinoctialis;Bignonia;BIGNONIACEAE;0;2;1;0;2;2;0;0;1;1;4;2;0
Bignonia_corymbosa;Bignonia;BIGNONIACEAE;1;2;3;0;2;2;0;0;1;1;5;2;0
Bignonia_magnifica;Bignonia;BIGNONIACEAE;1;2;3;0;2;2;0;0;1;1;5;1;5
Billia_rosea;Billia;SAPINDACEAE;1;2;3;2;2;1;0;1;1;1;3;0;0
Bixa_arborea;Bixa;BIXACEAE;1;2;3;0;2;2;1;1;0;0;5;1;3
Bixa_orellana;Bixa;BIXACEAE;1;2;3;0;2;1;1;1;1;0;5;1;2
Blakea_SPP.;Blakea;MELASTOMATACEAE;1;2;3;0;2;1;0;1;1;1;0;2;1
Blakea_subconnata;Blakea;MELASTOMATACEAE;1;2;3;0;2;1;0;0;2;1;1;0;1
Blastemanthus_grandiflorus;Blastemanthus;OCHNACEAE;1;2;1;0;2;1;2;1;2;1;1;1;4
Blastemanthus_SP.;Blastemanthus;OCHNACEAE;1;2;3;0;2;1;2;1;2;1;4;1;4
Bocageopsis_multiflora;Bocageopsis;ANNONACEAE;1;2;3;0;2;2;0;1;2;0;1;2;2
Bocconia_frutescens;Bocconia;PAPAVERACEAE;1;2;3;0;2;2;0;1;1;1;5;3;4
Boehmeria_caudata;Boehmeria;URTICACEAE;1;2;3;0;2;1;0;0;1;1;5;2;3
Bonellia_frutescens;Bonellia;PRIMULACEAE;1;2;3;0;2;1;0;0;1;1;5;3;3
Bonnetia_celiae;Bonnetia;BONNETIACEAE;1;2;3;1;2;1;2;1;2;1;5;1;1
Bonnetia_crassa;Bonnetia;BONNETIACEAE;1;2;3;0;2;2;2;1;2;1;5;1;3
Bonnetia_SPP.;Bonnetia;BONNETIACEAE;1;2;1;0;2;1;1;1;1;1;5;1;1
Bothriospora_corymbosa;Bothriospora;RUBIACEAE;1;2;3;0;2;1;1;0;1;1;5;2;3
Bougainvillea_spectabilis;Bougainvillea;NYCTAGINACEAE;1;2;3;0;2;2;0;1;2;1;0;1;1
Bourreria_ovata;Bourreria;BORAGINACEAE;1;2;3;0;2;1;2;1;1;1;5;1;2
Bourreria_purpusii;Bourreria;BORAGINACEAE;1;2;3;0;2;0;0;1;2;0;1;1;3
Bouvardia_longiflora;Bouvardia;RUBIACEAE;0;2;3;0;2;0;1;1;1;1;5;0;1
Brachyotum_SPP.;Brachyotum;MELASTOMATACEAE;1;2;3;0;1;0;0;1;1;1;5;1;1
Bravaisia_integerrima;Bravaisia;ACANTHACEAE;1;2;3;0;2;2;0;0;1;1;5;2;1
Bredemeyera_SP.;Bredemeyera;POLYGALACEAE;1;2;3;0;2;2;1;1;2;1;5;1;4
Brosimum_alicastrum;Brosimum;MORACEAE;1;2;3;0;2;2;0;1;1;1;5;1;2
Brosimum_costaricanum;Brosimum;MORACEAE;1;2;3;0;2;2;0;0;2;1;5;2;3
Brosimum_guianense;Brosimum;MORACEAE;1;2;3;0;2;1;0;1;2;1;5;1;3
Brosimum_lactescens;Brosimum;MORACEAE;1;2;3;0;2;2;0;1;1;1;4;1;4
Brosimum_potabile;Brosimum;MORACEAE;1;2;3;0;2;2;0;1;1;1;5;2;2
Brosimum_rubescens;Brosimum;MORACEAE;1;2;3;0;2;2;0;1;1;1;1;1;3
Brosimum_utile;Brosimum;MORACEAE;1;2;3;0;2;2;0;1;1;1;5;2;3
Brunellia_SP.;Brunellia;BRUNELLIACEAE;1;2;1;0;1;0;0;0;1;0;5;1;1
Buchenavia_acuminata;Buchenavia;COMBRETACEAE;1;2;3;0;2;2;0;0;2;1;1;1;2
Buchenavia_fanshawei;Buchenavia;COMBRETACEAE;1;2;3;0;2;3;0;1;2;1;4;0;2
Buchenavia_grandis;Buchenavia;COMBRETACEAE;1;2;3;0;2;2;0;1;2;1;4;0;2
Buchenavia_kleinii;Buchenavia;COMBRETACEAE;1;2;3;0;2;1;0;1;0;1;4;0;2
Buchenavia_oxycarpa;Buchenavia;COMBRETACEAE;1;2;3;0;2;1;0;1;1;1;4;0;2
Buchenavia_tetraphylla;Buchenavia;COMBRETACEAE;1;2;3;0;2;2;0;1;1;1;4;0;2
Buchenavia_tomentosa;Buchenavia;COMBRETACEAE;1;2;3;0;2;1;0;1;2;1;0;1;0
Bucida_macrostachya;Bucida;COMBRETACEAE;1;2;3;0;2;2;0;1;2;1;4;1;2
Bucquetia_glutinosa;Bucquetia;MELASTOMATACEAE;0;2;3;0;2;1;0;1;1;1;5;1;5
Buddleja_americana;Buddleja;SCROPHULARIACEAE;1;2;0;0;2;1;0;1;1;1;5;1;3
Buddleja_parviflora;Buddleja;SCROPHULARIACEAE;1;2;0;0;2;2;0;1;1;1;5;1;2
Buddleja_sessiliflora;Buddleja;SCROPHULARIACEAE;0;2;3;0;2;2;0;1;1;0;5;2;2
Buddleja_SPP.;Buddleja;SCROPHULARIACEAE;0;1;1;0;2;1;0;1;1;1;5;2;3
Buddleja_thyrsoides;Buddleja;SCROPHULARIACEAE;1;2;3;0;2;0;0;1;1;1;5;1;3
Bulnesia_arborea;Bulnesia;ZYGOPHYLLACEAE;1;2;1;0;2;1;0;1;2;1;4;1;0
Bunchosia_argentea;Bunchosia;MALPIGHIACEAE;1;2;3;0;2;2;0;1;2;1;0;1;3
Bunchosia_nitida;Bunchosia;MALPIGHIACEAE;1;2;3;0;2;1;0;1;1;1;1;1;2
Burdachia_prismatocarpa;Burdachia;MALPIGHIACEAE;1;2;0;0;2;1;0;1;2;1;4;1;4
Bursera_copallifera;Bursera;BURSERACEAE;1;2;3;0;2;2;0;0;1;1;5;1;2
Bursera_graveolens;Bursera;BURSERACEAE;1;2;3;0;2;2;0;0;1;1;5;2;2
Bursera_morelensis;Bursera;BURSERACEAE;1;2;3;0;2;2;0;0;0;1;5;1;3
Bursera_simaruba;Bursera;BURSERACEAE;1;2;3;0;2;2;0;0;0;1;5;2;2
Buxus_glomerata;Buxus;BUXACEAE;1;2;3;1;1;0;1;1;2;1;5;2;2
Byrsonima_aerugo;Byrsonima;MALPIGHIACEAE;1;2;3;0;2;2;0;1;1;1;5;1;4
Byrsonima_basiloba;Byrsonima;MALPIGHIACEAE;1;2;3;2;2;1;2;1;1;1;5;1;5
Byrsonima_coccolobifolia;Byrsonima;MALPIGHIACEAE;1;2;1;2;2;1;0;0;1;1;5;2;5
Byrsonima_crassifolia;Byrsonima;MALPIGHIACEAE;1;2;3;0;2;1;0;0;1;1;4;2;4
Byrsonima_densa;Byrsonima;MALPIGHIACEAE;1;2;3;0;2;2;0;0;1;1;5;2;2
Byrsonima_japurensis;Byrsonima;MALPIGHIACEAE;1;2;3;0;2;1;0;0;1;0;5;2;4
Byrsonima_lucida;Byrsonima;MALPIGHIACEAE;1;2;3;0;2;1;0;0;1;1;4;1;4
Byrsonima_obversa;Byrsonima;MALPIGHIACEAE;1;2;3;2;2;2;0;0;1;1;5;1;4
Byrsonima_verbascifolia;Byrsonima;MALPIGHIACEAE;0;2;1;0;2;1;2;0;1;1;5;2;5
Cabralea_canjerana;Cabralea;MELIACEAE;1;2;3;2;2;2;0;0;1;1;0;1;2
Calatola_costaricensis;Calatola;ICACINACEAE;1;2;3;1;2;1;2;1;1;1;1;2;5
Calophyllum_brasiliense;Calophyllum;CALOPHYLLACEAE;1;2;1;0;2;2;0;1;1;0;1;0;3
Calycogonium_rhomboideum;Calycogonium;MELASTOMATACEAE;1;2;3;0;2;0;0;1;2;1;5;0;1
Calycolpus_glaber;Calycolpus;MYRTACEAE;1;2;1;0;2;2;2;1;2;1;5;1;3
Calycolpus_spp.;Calycolpus;MYRTACEAE;1;2;3;0;2;2;1;1;2;1;5;1;2
Calycophyllum_candidissimum;Calycophyllum;RUBIACEAE;1;2;3;0;2;1;0;0;1;1;5;2;4
Calycophyllum_multiflorum;Calycophyllum;RUBIACEAE;1;2;1;0;2;0;0;0;2;0;5;1;3
Calycophyllum_spruceanum;Calycophyllum;RUBIACEAE;1;2;1;0;2;1;0;0;1;0;5;2;2
Calyptranthes_speciosa;Calyptranthes;MYRTACEAE;1;2;3;0;2;2;2;1;2;1;1;1;4
Campnosperma_gummifera;Campnosperma;ANACARDIACEAE;1;2;3;0;2;1;0;0;1;0;5;1;2
Campnosperma_panamense;Campnosperma;ANACARDIACEAE;1;2;3;0;2;1;0;0;1;0;5;1;4
Campnosperma_SPP.;Campnosperma;ANACARDIACEAE;1;2;3;0;2;2;0;1;1;1;5;1;3
Campomanesia_grandiflora;Campomanesia;MYRTACEAE;1;2;3;0;2;1;1;1;2;0;5;1;4
Campomanesia_pubescens;Campomanesia;MYRTACEAE;0;2;3;0;2;1;1;1;2;0;5;1;3
Canavalia_brasiliensis;Canavalia;LEGUMINOSAE;1;2;3;0;2;3;0;1;2;1;5;1;0
Canella_winterana;Canella;CANELLACEAE;1;2;3;1;0;1;2;1;2;1;5;1;2
Canotia_holacantha;Canotia;CELASTRACEAE;0;0;3;0;2;0;1;1;2;0;5;1;2
Cantua_buxifolia;Cantua;POLEMONIACEAE;1;2;3;0;2;1;0;1;1;1;5;2;5
Capirona_peruviana;Capirona;RUBIACEAE;1;2;3;0;2;1;0;0;1;0;5;2;4
Capirona_surinamensis;Capirona;RUBIACEAE;1;2;3;0;2;1;0;0;1;0;5;2;4
Capparis_flexuosa;Capparis;CAPPARACEAE;1;2;1;0;2;1;0;1;1;1;5;1;3
Capparis_maroniensis;Capparis;CAPPARACEAE;1;2;3;0;2;2;0;1;2;1;5;0;3
Caraipa_densifolia;Caraipa;CALOPHYLLACEAE;1;2;1;0;2;2;1;1;2;1;5;0;3
Caraipa_SPP.;Caraipa;CALOPHYLLACEAE;1;2;1;0;2;2;1;1;2;1;5;0;1
Carapa_guianensis;Carapa;MELIACEAE;1;2;3;0;2;2;0;0;1;1;4;2;2
Carapa_slateri;Carapa;MELIACEAE;0;2;3;0;2;2;0;0;1;1;4;2;4
Carapa_SPP.;Carapa;MELIACEAE;0;2;3;0;2;2;0;0;0;1;4;2;3
Cardiospermum_corindum;Cardiospermum;SAPINDACEAE;1;2;3;0;2;1;0;0;1;1;5;2;5
Carpinus_caroliniana;Carpinus;BETULACEAE;0;2;2;0;2;0;0;1;1;0;4;1;2
Carpotroche_grandiflora;Carpotroche;ACHARIACEAE;1;2;3;0;2;0;1;0;1;0;5;2;1
Carpotroche_longifolia;Carpotroche;ACHARIACEAE;1;2;3;1;2;1;1;0;0;0;5;2;1
Carpotroche_platyptera;Carpotroche;ACHARIACEAE;1;2;3;1;1;0;2;0;1;0;5;2;4
Carpotroche_spp.;Carpotroche;ACHARIACEAE;1;2;3;0;2;0;0;0;2;0;5;1;4
Caryocar_coccineum;Caryocar;CARYOCARACEAE;1;2;3;0;2;3;0;1;2;1;5;1;4
Caryocar_costaricense;Caryocar;CARYOCARACEAE;1;2;3;0;2;3;0;1;1;1;5;1;4
Caryocar_glabrum;Caryocar;CARYOCARACEAE;0;2;3;1;2;3;0;0;2;0;5;1;4
Caryocar_nuciferum;Caryocar;CARYOCARACEAE;1;2;3;1;2;2;0;1;1;1;5;1;4
Caryocar_villosum;Caryocar;CARYOCARACEAE;1;2;3;0;2;3;0;1;2;1;5;1;4
Casasia_SP.;Casasia;RUBIACEAE;1;2;3;0;2;1;1;1;1;0;5;1;4
Casearia_arborea;Casearia;SALICACEAE;1;2;3;0;2;1;0;1;1;0;5;2;4
Casearia_corymbosa;Casearia;SALICACEAE;0;2;3;0;2;1;0;0;1;0;5;1;5
Casearia_gossypiospermum;Casearia;SALICACEAE;1;2;3;0;2;1;1;0;1;0;5;2;4
Casearia_javitensis;Casearia;SALICACEAE;1;2;3;0;2;1;0;1;2;0;5;2;4
Casearia_praecox;Casearia;SALICACEAE;1;2;3;0;2;0;0;0;2;0;5;1;4
Casearia_sylvestris;Casearia;SALICACEAE;1;2;3;0;2;1;0;0;1;0;5;1;4
Casimirella_ampla;Casimirella;ICACINACEAE;1;2;3;0;2;3;2;1;1;1;1;3;5
Casimiroa_calderoniae;Casimiroa;RUTACEAE;1;2;1;0;2;1;0;1;2;1;4;1;0
Casimiroa_edulis;Casimiroa;RUTACEAE;1;2;3;0;2;2;0;1;1;1;4;2;0
Cassipourea_guianensis;Cassipourea;RHIZOPHORACEAE;1;2;3;2;1;1;2;1;2;1;5;2;4
Castela_galapageia;Castela;SIMAROUBACEAE;1;2;1;0;2;0;0;1;2;1;4;2;0
Castela_tweediei;Castela;SIMAROUBACEAE;0;1;1;0;2;0;0;1;2;1;5;1;0
Castilla_elastica;Castilla;MORACEAE;1;2;3;0;2;2;0;0;0;1;4;2;3
Castilla_SPP.;Castilla;MORACEAE;1;2;3;0;2;2;0;1;0;1;1;2;3
Castilla_ulei;Castilla;MORACEAE;1;2;3;0;2;3;0;0;0;1;5;1;3
Casuarina_cunninghamiana;Casuarina;CASUARINACEAE;1;2;3;0;2;2;2;1;2;0;1;1;0
Catalpa_longissima;Catalpa;BIGNONIACEAE;1;2;3;0;2;2;0;0;1;1;5;1;2
Catalpa_macrocarpa;Catalpa;BIGNONIACEAE;1;2;3;0;2;1;0;0;1;1;3;0;0
Cathedra_SPP.;Cathedra;OLACACEAE;1;2;1;0;2;1;0;1;2;1;5;1;2
Cavendishia_bracteata;Cavendishia;ERICACEAE;1;2;3;1;2;0;1;1;1;1;5;2;1
Cecropia_obtusifolia;Cecropia;URTICACEAE;1;2;3;0;2;3;0;1;0;1;5;2;2
Cecropia_peltata;Cecropia;URTICACEAE;1;2;3;0;2;2;0;1;0;0;5;1;4
Cecropia_sciadophylla;Cecropia;URTICACEAE;1;2;3;0;2;3;0;1;1;1;5;2;4
Cedrela_fissilis;Cedrela;MELIACEAE;0;1;3;0;2;2;0;1;1;1;4;1;2
Cedrela_montana;Cedrela;MELIACEAE;0;2;3;0;2;2;0;1;1;1;4;2;3
Cedrela_salvadorensis;Cedrela;MELIACEAE;0;1;3;0;2;3;0;1;1;1;4;1;2
Cedrela_SPP.;Cedrela;MELIACEAE;0;2;3;0;2;2;0;1;1;1;4;1;3
Celtis_iguanaea;Celtis;CANNABACEAE;0;2;3;0;2;2;0;1;1;1;4;2;3
Celtis_laevigata;Celtis;CANNABACEAE;0;0;0;0;2;2;0;1;1;1;4;2;3
Celtis_pallida;Celtis;CANNABACEAE;1;2;3;0;2;1;0;1;1;1;0;2;2
Celtis_schippii;Celtis;CANNABACEAE;1;2;3;0;2;2;0;1;1;1;1;2;3
Centronia_neblinae;Centronia;MELASTOMATACEAE;1;2;3;0;1;2;0;1;1;1;1;0;1
Ceratostema_reginaldii;Ceratostema;ERICACEAE;1;2;3;1;2;0;1;1;2;0;5;2;5
Cercocarpus_fothergilloides;Cercocarpus;ROSACEAE;1;2;1;0;2;2;1;1;1;1;5;2;0
Cereus_spp.;Cereus;CACTACEAE;1;2;3;0;1;1;0;1;1;1;5;2;1
Cespedesia_SP.;Cespedesia;OCHNACEAE;1;2;3;0;2;2;1;0;2;1;5;2;4
Cestrum_macrophyllum;Cestrum;SOLANACEAE;0;2;3;0;2;1;0;1;1;1;5;1;5
Chaetocarpus_schomburgkianus;Chaetocarpus;PERACEAE;1;2;3;0;2;2;2;1;2;0;2;1;3
Chaunochiton_kappleri;Chaunochiton;OLACACEAE;1;2;1;0;2;2;0;1;2;0;1;2;3
Cheiloclinium_cognatum;Cheiloclinium;CELASTRACEAE;1;2;3;0;2;1;1;1;0;1;5;1;1
Cheiloclinium_SPP.;Cheiloclinium;CELASTRACEAE;1;2;1;0;2;2;2;0;1;1;5;1;1
Chimarrhis_hookeri;Chimarrhis;RUBIACEAE;1;2;3;0;2;2;1;0;1;0;5;2;2
Chimarrhis_microcarpa;Chimarrhis;RUBIACEAE;1;2;3;0;2;2;0;0;1;1;5;2;3
Chimarrhis_turbinata;Chimarrhis;RUBIACEAE;1;2;1;0;2;2;1;0;2;1;5;2;4
Chionanthus_holdridgii;Chionanthus;OLEACEAE;0;2;3;0;2;0;0;1;2;1;4;1;3
Chionanthus_subgrp;Chionanthus;OLEACEAE;1;2;3;0;2;1;0;1;2;1;4;1;2
Chlorocardium_rodiei;Chlorocardium;LAURACEAE;1;2;3;0;2;2;0;1;2;1;5;1;2
Chomelia_paniculata;Chomelia;RUBIACEAE;1;2;3;0;2;1;0;1;2;1;5;1;4
Chomelia_venezuelensis;Chomelia;RUBIACEAE;1;2;3;0;2;1;0;1;1;0;5;1;1
Chromolucuma_rubriflora;Chromolucuma;SAPOTACEAE;1;2;1;0;2;1;0;1;2;0;1;1;4
Chrysobalanus_icaco;Chrysobalanus;CHRYSOBALANACEAE;1;2;3;0;2;2;1;1;2;0;1;0;5
Chrysochlamys_colombiana;Chrysochlamys;CLUSIACEAE;1;2;3;0;0;1;0;1;1;0;5;1;1
Chrysochlamys_dependens;Chrysochlamys;CLUSIACEAE;1;2;3;0;0;1;0;1;1;0;5;1;1
Chrysochlamys_glauca;Chrysochlamys;CLUSIACEAE;1;2;3;0;0;1;0;0;1;1;5;2;4
Chrysochlamys_spp.;Chrysochlamys;CLUSIACEAE;1;2;3;0;0;2;0;0;1;0;5;2;4
Chrysochlamys_weberbaueri;Chrysochlamys;CLUSIACEAE;1;2;3;0;0;1;0;1;1;1;5;1;2
Chrysophyllum_argenteum;Chrysophyllum;SAPOTACEAE;1;2;3;0;2;1;0;1;2;0;1;0;3
Chrysophyllum_cainito;Chrysophyllum;SAPOTACEAE;1;2;1;0;2;1;0;1;2;0;1;1;4
Chrysophyllum_gonocarpum;Chrysophyllum;SAPOTACEAE;0;2;3;0;2;1;0;1;2;0;1;1;4
Chrysophyllum_oliviforme;Chrysophyllum;SAPOTACEAE;1;2;1;0;2;1;0;1;1;0;1;1;3
Chrysophyllum_pomiferum;Chrysophyllum;SAPOTACEAE;1;2;3;0;2;1;0;1;1;0;0;1;0
Chrysophyllum_prieurii;Chrysophyllum;SAPOTACEAE;1;2;1;0;2;1;0;1;2;0;1;1;4
Chrysophyllum_sanguinolentum;Chrysophyllum;SAPOTACEAE;1;2;1;0;2;2;0;1;2;0;1;0;4
Chrysophyllum_SPP.;Chrysophyllum;SAPOTACEAE;1;2;1;0;2;2;0;1;1;0;2;1;3
Cinchona_calisaya;Cinchona;RUBIACEAE;1;2;1;0;2;2;0;1;2;0;1;2;2
Cinchona_pubescens;Cinchona;RUBIACEAE;1;2;3;0;2;0;1;1;2;0;5;2;4
Cinnamodendron_axillare;Cinnamodendron;CANELLACEAE;1;2;3;0;2;2;0;1;1;1;5;2;4
Cipocereus_spp.;Cipocereus;CACTACEAE;1;2;3;1;1;1;2;1;1;0;1;0;0
Cissus_SPP.;Cissus;VITACEAE;1;2;3;0;1;0;0;0;1;1;5;2;1
Citharexylum_spinosum;Citharexylum;VERBENACEAE;1;1;3;1;2;2;0;0;1;1;4;1;2
Citharexylum_tetramerum;Citharexylum;VERBENACEAE;0;2;3;0;2;2;0;0;1;1;5;2;3
Citronella_silvatica;Citronella;CARDIOPTERIDACEAE;0;2;1;0;2;1;0;1;1;1;5;1;3
Citrus_maxima;Citrus;RUTACEAE;1;2;3;1;1;2;1;1;1;1;5;2;5
Citrus_medica;Citrus;RUTACEAE;1;2;3;0;2;1;0;1;1;1;4;2;2
Clavija_lancifolia;Clavija;PRIMULACEAE;1;2;3;0;2;2;0;1;1;1;5;2;3
Clavija_spp.;Clavija;PRIMULACEAE;1;2;3;0;2;0;0;0;1;1;5;2;5
Clavija_umbrosa;Clavija;PRIMULACEAE;1;2;3;0;2;0;0;0;2;1;5;2;5
Clerodendrum_molle;Clerodendrum;LAMIACEAE;1;2;3;0;2;0;0;0;1;1;5;3;2
Clethra_mexicana;Clethra;CLETHRACEAE;1;2;3;0;2;1;0;1;1;1;5;1;5
Clethra_ovalifolia;Clethra;CLETHRACEAE;1;2;3;1;1;1;1;1;1;0;5;2;4
Clethra_pringlei;Clethra;CLETHRACEAE;1;2;3;1;2;1;1;1;1;0;5;2;4
Clethra_scabra;Clethra;CLETHRACEAE;0;2;3;2;1;0;1;1;1;1;5;2;3
Cleyera_integrifolia;Cleyera;PENTAPHYLACACEAE;1;2;3;1;1;1;0;1;1;0;5;2;4
Cleyera_SPP.;Cleyera;PENTAPHYLACACEAE;0;2;3;1;0;1;1;1;1;1;5;1;4
Clidemia_SPP.;Clidemia;MELASTOMATACEAE;0;2;3;1;2;0;2;1;1;1;5;1;4
Clusia_alata;Clusia;CLUSIACEAE;1;2;3;0;2;1;0;1;1;1;5;0;1
Clusia_SP.;Clusia;CLUSIACEAE;0;2;3;0;0;1;1;0;1;1;5;2;4
Clusia_SPP.;Clusia;CLUSIACEAE;1;2;3;0;0;2;0;0;2;1;5;2;3
Cnestidium_guianense;Cnestidium;CONNARACEAE;1;2;3;0;0;1;0;1;1;1;5;1;4
Coccoloba_acuminata;Coccoloba;POLYGONACEAE;0;2;1;0;2;2;1;1;1;0;5;0;5
Coccoloba_barbadensis;Coccoloba;POLYGONACEAE;1;2;3;0;2;1;0;0;2;0;5;0;0
Coccoloba_hondurensis;Coccoloba;POLYGONACEAE;0;2;1;0;2;1;0;0;1;1;5;0;2
Coccoloba_microstachya;Coccoloba;POLYGONACEAE;1;2;3;0;2;2;0;0;1;1;5;2;2
Coccoloba_pyrifolia;Coccoloba;POLYGONACEAE;0;2;3;0;2;1;0;0;1;1;5;0;0
Coccoloba_sintenisii;Coccoloba;POLYGONACEAE;1;2;3;0;2;1;0;0;1;0;5;0;5
Coccoloba_uvifera;Coccoloba;POLYGONACEAE;1;2;3;0;2;1;0;0;1;0;5;0;0
Cochlospermum_orinoccense;Cochlospermum;BIXACEAE;1;2;3;0;2;1;0;0;2;1;5;0;0
Cochlospermum_SPP.;Cochlospermum;BIXACEAE;1;2;3;0;2;2;0;1;0;1;0;2;2
Cochlospermum_vitifolium;Cochlospermum;BIXACEAE;1;2;3;0;2;1;0;1;0;1;0;2;3
Colignonia_scandens;Colignonia;NYCTAGINACEAE;1;2;3;0;2;3;1;1;0;1;0;2;2
Colubrina_arborescens;Colubrina;RHAMNACEAE;1;2;3;0;2;1;0;1;1;1;5;1;3
Colubrina_elliptica;Colubrina;RHAMNACEAE;0;2;3;0;2;2;0;1;1;1;4;1;2
Colubrina_glandulosa;Colubrina;RHAMNACEAE;0;2;1;0;2;1;0;1;2;1;4;1;4
Colubrina_rufa;Colubrina;RHAMNACEAE;1;2;3;0;2;2;0;1;2;1;5;1;2
Columellia_SP.;Columellia;COLUMELLIACEAE;1;2;3;0;2;2;0;1;1;1;4;1;4
Combretum_fruticosum;Combretum;COMBRETACEAE;1;2;3;1;2;1;1;1;1;0;5;0;1
Combretum_leprosum;Combretum;COMBRETACEAE;0;2;3;0;2;2;0;0;1;1;4;1;5
Combretum_pyramidatum;Combretum;COMBRETACEAE;1;1;3;0;2;2;0;0;1;1;4;0;2
Comocladia_dentata;Comocladia;ANACARDIACEAE;0;2;3;0;2;2;0;1;1;1;5;0;1
Comocladia_dodonaea;Comocladia;ANACARDIACEAE;0;2;3;0;2;1;0;1;1;1;5;1;2
Comocladia_glabra;Comocladia;ANACARDIACEAE;0;2;3;0;2;2;0;1;1;1;5;1;2
Comocladia_pinnatifolia;Comocladia;ANACARDIACEAE;1;2;3;0;2;1;0;1;1;1;5;1;5
Comocladia_platyphylla;Comocladia;ANACARDIACEAE;1;2;3;0;2;1;0;1;1;1;5;1;2
Comocladia_spp.;Comocladia;ANACARDIACEAE;1;2;3;0;2;1;0;1;1;1;5;1;2
Compsoneura_sprucei;Compsoneura;MYRISTICACEAE;1;2;3;0;2;2;0;1;2;1;4;1;3
Conceveiba_martiana;Conceveiba;EUPHORBIACEAE;1;2;3;0;2;2;0;1;0;0;1;0;4
Conceveiba_prealta;Conceveiba;EUPHORBIACEAE;1;2;3;1;2;2;0;1;1;0;1;0;5
Conceveiba_simulata;Conceveiba;EUPHORBIACEAE;1;2;3;0;2;2;1;1;1;0;1;1;4
Condalia_ericoides;Condalia;RHAMNACEAE;1;2;3;0;2;2;0;1;1;0;1;0;4
Condalia_hookeri;Condalia;RHAMNACEAE;0;0;1;0;2;0;0;1;1;1;4;2;2
Connarus_patrisii;Connarus;CONNARACEAE;0;1;1;0;2;1;0;1;1;1;4;2;2
Connarus_SPP.;Connarus;CONNARACEAE;1;2;3;0;2;1;0;1;1;0;5;0;1
Connarus_suberosus;Connarus;CONNARACEAE;1;2;3;0;2;2;2;1;0;0;5;0;5
Conocarpus_erectus;Conocarpus;COMBRETACEAE;0;2;3;0;2;1;0;1;1;1;5;1;4
Conostegia_rufescens;Conostegia;MELASTOMATACEAE;1;2;3;0;2;1;0;1;1;1;1;0;5
Conostegia_SPP.;Conostegia;MELASTOMATACEAE;1;2;3;0;2;2;0;0;1;1;0;0;5
Cordia_alba;Cordia;BORAGINACEAE;1;2;3;0;2;0;0;1;0;1;1;0;1
Cordia_alliodora;Cordia;BORAGINACEAE;1;2;3;0;2;2;0;1;2;1;4;1;3
Cordia_bicolor;Cordia;BORAGINACEAE;1;2;0;0;2;1;0;1;2;1;4;2;2
Cordia_boissieri;Cordia;BORAGINACEAE;1;2;3;0;2;2;0;1;1;1;1;2;0
Cordia_cicatricosa;Cordia;BORAGINACEAE;0;2;3;0;2;1;0;1;1;1;5;1;2
Cordia_collococca;Cordia;BORAGINACEAE;1;2;3;0;2;3;0;1;1;1;5;2;2
Cordia_dodecandra;Cordia;BORAGINACEAE;1;2;3;0;2;2;0;1;1;1;5;2;2
Cordia_elaeagnoides;Cordia;BORAGINACEAE;1;2;3;0;2;1;0;1;1;1;5;2;3
Cordia_gerascanthus;Cordia;BORAGINACEAE;0;1;0;0;2;3;0;1;2;1;4;2;2
Cordia_glabrata;Cordia;BORAGINACEAE;0;2;3;0;2;2;0;1;1;1;5;2;2
Cordia_goeldiana;Cordia;BORAGINACEAE;0;2;3;0;2;2;0;1;1;1;4;2;3
Cordia_hintonii;Cordia;BORAGINACEAE;0;2;3;0;2;3;0;1;2;1;4;2;3
Cordia_hirta;Cordia;BORAGINACEAE;0;1;3;0;2;3;0;1;1;1;4;2;2
Cordia_lutea;Cordia;BORAGINACEAE;1;2;3;0;2;3;0;1;1;1;4;2;3
Cordia_sebestena;Cordia;BORAGINACEAE;0;1;3;0;2;1;0;1;2;1;5;1;5
Cordia_sellowiana;Cordia;BORAGINACEAE;0;2;3;0;2;2;0;1;2;1;1;2;3
Cordia_sonorae;Cordia;BORAGINACEAE;0;1;3;0;2;1;2;1;1;1;5;2;5
Cordia_sulcata;Cordia;BORAGINACEAE;1;2;3;0;2;1;0;1;2;1;4;2;2
Cordia_toqueve;Cordia;BORAGINACEAE;1;2;3;0;2;1;0;1;1;1;0;2;3
Cordiera_concolor;Cordiera;RUBIACEAE;1;1;0;0;2;3;0;1;0;1;0;2;3
Cornus_disciflora;Cornus;CORNACEAE;0;2;0;0;2;1;0;1;1;1;5;3;5
Cornus_peruviana;Cornus;CORNACEAE;1;2;3;1;1;1;2;1;1;1;5;2;4
Corythophora_alta;Corythophora;LECYTHIDACEAE;1;2;3;0;2;2;0;0;1;1;5;2;2
Cosmibuena_grandiflora;Cosmibuena;RUBIACEAE;1;2;3;0;2;2;0;1;1;0;1;1;2
Couepia_caryophylloides;Couepia;CHRYSOBALANACEAE;1;2;3;0;2;1;0;1;1;1;5;1;4
Couepia_SPP.;Couepia;CHRYSOBALANACEAE;1;2;3;0;2;3;2;1;2;0;1;0;4
Couma_guianensis;Couma;APOCYNACEAE;1;2;3;0;2;3;1;1;2;0;2;0;5
Couma_macrocarpa;Couma;APOCYNACEAE;1;2;3;0;2;2;0;1;1;1;2;1;4
Couratari_gloriosa;Couratari;LECYTHIDACEAE;1;2;3;0;2;2;1;1;1;0;2;0;0
Couratari_guianensis;Couratari;LECYTHIDACEAE;1;2;3;0;2;2;0;1;1;0;2;1;0
Couratari_macrosperma;Couratari;LECYTHIDACEAE;1;2;3;0;2;2;1;1;1;0;1;1;2
Couratari_oblongifolia;Couratari;LECYTHIDACEAE;1;2;3;0;2;3;0;1;1;0;1;1;2
Couratari_SPP.;Couratari;LECYTHIDACEAE;1;2;3;0;2;2;0;1;1;0;1;2;2
Couroupita_guianensis;Couroupita;LECYTHIDACEAE;1;2;3;0;2;3;0;1;1;0;4;1;2
Couroupita_nicaraguensis;Couroupita;LECYTHIDACEAE;1;2;3;0;2;3;2;1;1;0;1;1;2
Coussapoa_angustifolia;Coussapoa;URTICACEAE;1;2;3;0;2;2;0;1;1;0;1;1;2
Coussarea_albescens;Coussarea;RUBIACEAE;1;2;3;0;2;3;0;1;1;1;0;2;3
Coussarea_contracta;Coussarea;RUBIACEAE;1;2;3;0;2;1;0;0;1;1;5;2;5
Coussarea_surinamensis;Coussarea;RUBIACEAE;1;2;3;0;2;1;0;0;1;1;5;2;5
Coutaportla_ghiesbreghtiana;Coutaportla;RUBIACEAE;1;2;3;0;2;0;0;0;1;0;5;2;4
Coutarea_hexandra;Coutarea;RUBIACEAE;0;2;3;0;2;0;1;1;1;1;5;1;4
Crataegus_mexicana;Crataegus;ROSACEAE;1;2;3;0;2;1;1;1;1;0;5;1;2
Crateva_tapia;Crateva;CAPPARACEAE;0;2;3;0;2;1;1;1;1;0;5;1;2
Crepidospermum_rhoifolium;Crepidospermum;BURSERACEAE;0;2;3;0;2;1;0;1;1;1;4;2;0
Crescentia_alata;Crescentia;BIGNONIACEAE;1;2;3;0;2;1;0;0;1;0;5;0;2
Crescentia_amazonica;Crescentia;BIGNONIACEAE;0;2;3;0;2;1;0;1;2;1;5;0;0
Crescentia_cujete;Crescentia;BIGNONIACEAE;0;2;3;2;2;2;0;1;1;1;4;1;0
Croton_draco;Croton;EUPHORBIACEAE;1;2;3;0;2;1;0;1;2;1;0;1;0
Croton_floribundus;Croton;EUPHORBIACEAE;1;2;3;0;2;2;0;1;1;1;5;1;3
Croton_glabellus;Croton;EUPHORBIACEAE;1;2;3;0;2;2;0;1;1;0;5;1;2
Croton_matourensis;Croton;EUPHORBIACEAE;1;2;3;0;2;2;0;1;1;1;4;1;4
Croton_nitens;Croton;EUPHORBIACEAE;1;2;3;0;2;3;1;1;1;0;2;1;3
Croton_scouleri;Croton;EUPHORBIACEAE;0;2;3;0;2;1;0;0;1;1;5;1;3
Cryptocarya_mannii;Cryptocarya;LAURACEAE;1;2;3;0;2;1;0;1;1;1;5;0;1
Cuervea_kappleriana;Cuervea;CELASTRACEAE;1;2;3;0;2;2;0;0;1;1;4;1;3
Cupania_dentata;Cupania;SAPINDACEAE;0;2;3;0;2;2;1;0;1;1;1;3;0
Cupania_SPP.;Cupania;SAPINDACEAE;0;2;3;0;2;1;0;1;1;1;5;0;0
Curarea_candicans;Curarea;MENISPERMACEAE;1;2;3;0;2;1;0;1;1;1;5;0;2
Curatella_americana;Curatella;DILLENIACEAE;1;2;3;0;2;2;1;1;1;1;5;3;0
Curupira_SPP.;Curupira;OLACACEAE;1;2;3;0;1;2;2;1;1;1;5;3;5
Cuspidaria_convoluta;Cuspidaria;BIGNONIACEAE;1;2;3;0;2;2;1;1;2;1;5;1;2
Cuspidaria_lateriflora;Cuspidaria;BIGNONIACEAE;0;1;3;0;2;2;0;0;1;1;0;2;5
Cuspidaria_pulchra;Cuspidaria;BIGNONIACEAE;1;2;3;0;2;1;0;1;1;1;1;1;0
Cyclophyllum_barbatum;Cyclophyllum;RUBIACEAE;1;2;0;0;2;1;0;1;2;1;0;1;0
Cymbopetalum_baillonii;Cymbopetalum;ANNONACEAE;1;2;3;0;2;1;2;1;2;0;5;1;4
Cymbopetalum_brasiliense;Cymbopetalum;ANNONACEAE;0;0;3;0;2;2;0;1;1;0;1;1;2
Cymbopetalum_spp.;Cymbopetalum;ANNONACEAE;1;2;3;0;2;2;0;1;1;0;1;1;2
Cyrtocarpa_procera;Cyrtocarpa;ANACARDIACEAE;1;2;3;0;2;1;0;0;1;1;5;1;2
Cyrtocarpa_SPP.;Cyrtocarpa;ANACARDIACEAE;1;2;3;0;2;1;0;0;1;1;5;2;2
Cyrtocarpa_velutinifolia;Cyrtocarpa;ANACARDIACEAE;0;2;3;0;2;1;0;0;1;1;5;2;2
Dacryodes_kukachkana;Dacryodes;BURSERACEAE;1;2;3;0;2;2;0;1;1;1;5;1;3
Dacryodes_occidentalis;Dacryodes;BURSERACEAE;1;2;3;0;2;2;0;0;1;0;5;1;2
Dacryodes_SPP.;Dacryodes;BURSERACEAE;1;2;3;0;2;1;0;0;1;0;5;1;2
Daphnopsis_macrophylla;Daphnopsis;THYMELAEACEAE;1;2;3;0;2;2;0;0;1;1;5;1;2
Daphnopsis_philippiana;Daphnopsis;THYMELAEACEAE;1;2;3;0;2;1;1;1;0;1;4;1;3
Declieuxia_spp;Declieuxia;RUBIACEAE;0;2;1;0;2;0;0;1;1;0;1;1;3
Delostoma_integrifolium;Delostoma;BIGNONIACEAE;1;2;3;0;2;0;0;1;1;0;5;1;4
Dendrobangia_boliviana;Dendrobangia;CARDIOPTERIDACEAE;0;2;1;0;2;1;0;0;1;1;4;2;2
Dendropanax_arboreus;Dendropanax;ARALIACEAE;1;2;3;1;1;2;2;1;1;1;1;2;3
Dendropanax_cuneatus;Dendropanax;ARALIACEAE;1;2;3;0;2;2;0;0;0;1;5;2;2
Dendropanax_gonatopodus;Dendropanax;ARALIACEAE;1;2;3;1;2;1;2;0;0;1;5;2;2
Desmopsis_SPP.;Desmopsis;ANNONACEAE;1;2;3;0;0;1;0;1;1;0;5;0;1
Diacidia_vestita;Diacidia;MALPIGHIACEAE;1;2;3;0;2;1;2;1;1;0;1;2;2
Diclinanona_calycina;Diclinanona;ANNONACEAE;1;2;3;0;2;1;0;1;1;1;4;0;0
Dicranostyles_guianensis;Dicranostyles;CONVOLVULACEAE;1;2;3;0;2;2;1;1;1;0;2;1;3
Dicranostyles_mildbraediana;Dicranostyles;CONVOLVULACEAE;1;2;3;0;2;3;2;1;1;1;1;1;2
Dicranostyles_villosus;Dicranostyles;CONVOLVULACEAE;1;2;3;0;2;3;2;1;1;1;1;2;2
Dictyoloma_vandellianum;Dictyoloma;RUTACEAE;1;2;3;0;2;3;2;1;1;1;1;2;4
Dicypellium_SP.;Dicypellium;LAURACEAE;0;2;3;0;2;2;0;1;1;1;5;1;2
Dilkea_johannesii;Dilkea;PASSIFLORACEAE;1;2;3;0;2;2;0;1;1;1;5;1;0
Dilodendron_bipinnatum;Dilodendron;SAPINDACEAE;1;2;0;0;2;2;1;1;1;1;1;2;2
Diospyros_aff.;Diospyros;EBENACEAE;1;2;3;0;2;2;0;1;1;1;0;1;0
Diospyros_cayennensis;Diospyros;EBENACEAE;1;2;3;0;2;2;1;1;1;0;1;1;3
Diospyros_crassinervis;Diospyros;EBENACEAE;1;2;3;0;2;2;0;1;1;1;1;1;2
Diospyros_guianensis;Diospyros;EBENACEAE;1;2;3;0;2;1;0;1;2;0;1;0;2
Diospyros_hispida;Diospyros;EBENACEAE;1;2;3;0;2;1;0;1;1;1;1;0;3
Diospyros_virginiana;Diospyros;EBENACEAE;1;2;3;0;2;2;0;1;1;0;5;1;5
Diploon_cuspidatum;Diploon;SAPOTACEAE;0;1;3;0;2;2;0;1;1;1;1;1;2
Dodecastigma_SP.;Dodecastigma;EUPHORBIACEAE;1;2;3;0;1;1;2;1;2;1;1;2;4
Dodonaea_SPP.;Dodonaea;SAPINDACEAE;1;2;3;0;2;2;0;1;1;0;1;0;4
Dodonaea_viscosa;Dodonaea;SAPINDACEAE;1;2;3;0;2;1;0;1;2;1;4;0;2
Doerpfeldia_cubensis;Doerpfeldia;RHAMNACEAE;1;2;3;0;2;1;0;1;1;1;0;1;2
Dolichandra_unguis-cati;Dolichandra;BIGNONIACEAE;1;2;3;0;2;1;2;1;1;1;1;1;2
Drymonia_spectabilis;Drymonia;GESNERIACEAE;1;2;1;0;2;2;1;1;2;1;1;1;3
Drypetes_alba;Drypetes;PUTRANJAVACEAE;1;2;3;0;2;2;0;0;1;0;5;3;5
Drypetes_variabilis;Drypetes;PUTRANJAVACEAE;1;2;3;1;1;1;0;1;1;0;5;1;2
Duckeodendron_cestroides;Duckeodendron;SOLANACEAE;1;2;3;0;2;2;0;1;2;0;5;1;4
Duguetia_lanceolata;Duguetia;ANNONACEAE;1;2;3;1;2;2;1;1;2;1;5;1;3
Duguetia_quitarensis;Duguetia;ANNONACEAE;1;2;3;0;2;1;0;1;1;1;1;2;0
Duguetia_uniflora;Duguetia;ANNONACEAE;0;2;3;0;2;1;0;1;1;1;4;2;0
Dulacia_candida;Dulacia;OLACACEAE;1;2;3;0;2;2;0;1;0;0;1;2;0
Dulacia_guianensis;Dulacia;OLACACEAE;1;2;3;0;2;0;2;1;1;1;5;2;2
Duranta_SP.;Duranta;VERBENACEAE;1;2;3;0;2;2;1;1;1;1;5;1;2
Duroia_aquatica;Duroia;RUBIACEAE;1;2;3;0;2;1;0;1;1;0;5;1;4
Duroia_fusifera;Duroia;RUBIACEAE;1;2;3;0;2;2;1;1;2;0;1;1;4
Duroia_hirsuta;Duroia;RUBIACEAE;1;2;3;0;2;1;1;1;1;0;5;2;4
Duroia_SPP.;Duroia;RUBIACEAE;1;2;3;0;2;0;1;1;2;0;5;1;4
Ecclinusa_guianensis;Ecclinusa;SAPOTACEAE;1;2;3;0;2;2;1;1;2;1;1;1;4
Ecclinusa_lanceolata;Ecclinusa;SAPOTACEAE;1;2;1;0;2;1;0;1;1;0;1;1;4
Ecclinusa_SPP.;Ecclinusa;SAPOTACEAE;1;2;1;0;2;2;0;1;1;0;1;1;4
Ehretia_latifolia;Ehretia;BORAGINACEAE;1;2;1;0;2;1;0;1;1;0;2;1;4
Ekmanianthe_actinophylla;Ekmanianthe;BIGNONIACEAE;1;2;3;0;2;2;0;1;1;1;1;2;2
Elaeagia_SP.;Elaeagia;RUBIACEAE;0;2;3;0;2;2;0;1;1;1;4;1;0
Elaeodendron_xylocarpum;Elaeodendron;CELASTRACEAE;1;2;3;0;2;1;0;0;1;0;5;2;4
Elaeoluma_glabrescens;Elaeoluma;SAPOTACEAE;1;2;3;1;2;0;1;0;1;0;5;1;3
Emmotum_fagifolium;Emmotum;ICACINACEAE;1;2;3;0;2;0;1;1;2;0;5;1;4
Endlicheria_lhotzkyi;Endlicheria;LAURACEAE;1;2;3;1;1;2;1;1;2;1;5;3;3
Endlicheria_multiflora;Endlicheria;LAURACEAE;1;2;3;0;2;2;0;1;1;1;5;1;3
Eremanthus_goyazensis;Eremanthus;ASTERACEAE;1;2;3;1;2;2;1;1;2;1;5;1;4
Erisma_SPP.;Erisma;VOCHYSIACEAE;0;2;3;0;2;0;0;1;2;1;4;1;4
Erithalis_SP.;Erithalis;RUBIACEAE;1;2;3;0;2;3;0;1;1;0;0;2;3
Erythrochiton_SP.;Erythrochiton;RUTACEAE;1;2;3;0;2;1;1;1;2;0;5;1;4
Erythroxylum_amazonicum;Erythroxylum;ERYTHROXYLACEAE;1;2;3;0;2;0;0;0;2;1;4;1;3
Erythroxylum_areolatum;Erythroxylum;ERYTHROXYLACEAE;1;2;3;0;2;2;0;1;2;1;5;1;3
Erythroxylum_citrifolium;Erythroxylum;ERYTHROXYLACEAE;1;2;3;0;2;1;0;1;2;1;5;1;4
Erythroxylum_deciduum;Erythroxylum;ERYTHROXYLACEAE;1;2;3;0;2;1;0;1;2;1;5;1;4
Erythroxylum_passerinum;Erythroxylum;ERYTHROXYLACEAE;0;2;3;0;2;0;0;1;1;0;1;1;4
Erythroxylum_pelleterianum;Erythroxylum;ERYTHROXYLACEAE;1;2;3;0;2;1;1;1;2;0;1;1;3
Erythroxylum_suberosum;Erythroxylum;ERYTHROXYLACEAE;0;2;1;0;2;1;1;1;2;1;5;1;2
Erythroxylum_substriatum;Erythroxylum;ERYTHROXYLACEAE;1;2;3;0;2;0;1;1;1;1;1;1;2
Escallonia_myrtilloides;Escallonia;ESCALLONIACEAE;0;0;3;0;1;1;2;1;1;0;5;2;4
Escallonia_tortuosa;Escallonia;ESCALLONIACEAE;1;2;3;1;0;0;1;1;1;0;5;1;4
Eschweilera_alata;Eschweilera;LECYTHIDACEAE;1;2;3;1;1;0;1;1;2;0;5;1;4
Eschweilera_coriacea;Eschweilera;LECYTHIDACEAE;1;2;3;0;2;2;0;1;2;1;1;1;2
Eschweilera_pedicellata;Eschweilera;LECYTHIDACEAE;1;2;3;0;2;3;0;1;2;0;1;1;0
Eschweilera_tenax;Eschweilera;LECYTHIDACEAE;1;2;3;0;2;3;0;1;2;1;1;1;2
Esenbeckia_alata;Esenbeckia;RUTACEAE;1;2;3;0;2;2;0;1;2;0;2;1;0
Esenbeckia_berlandieri;Esenbeckia;RUTACEAE;0;2;3;0;2;1;0;1;2;1;4;1;3
Esenbeckia_pilocarpoides;Esenbeckia;RUTACEAE;1;2;3;0;2;0;0;1;1;0;4;1;4
Espadaea_SP.;Espadaea;GOETZEACEAE;1;2;3;0;2;0;0;1;2;1;5;1;2
Eugenia_acapulcensis;Eugenia;MYRTACEAE;1;2;1;0;2;0;2;1;1;0;5;1;3
Eugenia_axillaris;Eugenia;MYRTACEAE;1;2;3;0;2;2;1;1;2;0;1;1;3
Eugenia_biflora;Eugenia;MYRTACEAE;1;2;3;0;2;1;1;1;1;0;1;1;4
Eugenia_capuli;Eugenia;MYRTACEAE;0;2;1;0;2;1;2;1;2;0;1;1;4
Eugenia_cerasiflora;Eugenia;MYRTACEAE;1;2;3;0;2;0;0;1;2;0;5;1;2
Eugenia_cuprea;Eugenia;MYRTACEAE;0;2;1;0;2;1;0;1;1;0;5;1;4
Eugenia_padronii;Eugenia;MYRTACEAE;0;2;3;0;2;1;0;1;2;0;1;1;2
Eugenia_patrisii;Eugenia;MYRTACEAE;1;2;3;0;2;1;2;1;2;0;1;1;2
Eugenia_rigida;Eugenia;MYRTACEAE;1;2;1;0;2;1;1;1;2;0;2;1;4
Eugenia_SPP.;Eugenia;MYRTACEAE;0;2;3;0;2;0;1;1;2;0;1;1;2
Euphorbia_schlechtendalii;Euphorbia;EUPHORBIACEAE;1;2;3;0;2;1;0;1;2;1;1;2;4
Euphronia_spp.;Euphronia;EUPHRONIACEAE;1;2;3;0;2;2;0;1;1;0;2;2;2
Euplassa_cantareirae;Euplassa;PROTEACEAE;1;2;3;0;2;2;1;1;2;1;5;1;3
Euplassa_pinnata;Euplassa;PROTEACEAE;1;2;0;0;2;2;0;1;1;0;0;3;0
Eurya_mexicana;Eurya;PENTAPHYLACACEAE;1;2;3;0;2;3;1;1;1;0;1;3;2
Exellodendron_coriaceum;Exellodendron;CHRYSOBALANACEAE;1;2;3;0;2;2;0;1;2;1;5;2;2
Exostema_caribaeum;Exostema;RUBIACEAE;1;2;3;0;2;2;1;1;2;0;1;0;3
Exostema_mexicanum;Exostema;RUBIACEAE;1;2;3;0;2;1;1;1;1;1;5;1;4
Exothea_diphylla;Exothea;SAPINDACEAE;1;2;3;0;2;0;1;1;2;0;5;1;3
Faramea_occidentalis;Faramea;RUBIACEAE;1;2;3;0;2;1;0;1;1;1;5;1;2
Faramea_salicifolia;Faramea;RUBIACEAE;1;2;3;0;2;1;0;1;1;1;5;2;3
Ferdinandusa_SP.;Ferdinandusa;RUBIACEAE;1;2;3;0;2;1;1;0;1;0;5;1;4
Ficus_aurea;Ficus;MORACEAE;1;2;3;0;2;2;1;0;2;1;5;2;3
Ficus_caballina;Ficus;MORACEAE;1;2;3;0;2;2;0;1;1;1;0;2;2
Ficus_citrifolia;Ficus;MORACEAE;1;2;3;0;2;2;0;1;1;0;0;2;2
Ficus_guaranitica;Ficus;MORACEAE;1;2;3;0;2;2;0;1;1;0;0;2;2
Ficus_insipida;Ficus;MORACEAE;1;2;3;0;2;2;0;1;0;0;0;1;2
Ficus_SPP.;Ficus;MORACEAE;1;2;3;0;2;3;0;1;1;0;0;2;3
Flacourtia_SPP.;Flacourtia;SALICACEAE;1;2;3;0;2;3;0;1;0;1;0;2;3
Forchhammeria_longifolia;Forchhammeria;CAPPARACEAE;1;2;3;0;2;1;1;0;2;0;5;2;4
Forestiera_phillyreoides;Forestiera;OLEACEAE;1;2;3;0;2;1;2;1;2;0;5;3;2
Fouquieria_formosa;Fouquieria;FOUQUIERIACEAE;0;2;1;0;2;0;1;1;1;1;4;1;3
Fouquieria_splendens;Fouquieria;FOUQUIERIACEAE;1;1;1;0;2;2;1;1;1;1;5;2;4
Fraxinus_caroliniana;Fraxinus;OLEACEAE;1;2;1;0;2;1;0;1;1;0;1;0;4
Fraxinus_uhdei;Fraxinus;OLEACEAE;0;0;3;0;2;2;0;1;1;1;4;1;0
Freziera_canescens;Freziera;PENTAPHYLACACEAE;0;1;3;0;2;3;0;1;1;1;4;1;0
Fridericia_candicans;Fridericia;BIGNONIACEAE;1;2;3;1;0;1;1;1;1;1;5;2;4
Fridericia_platyphylla;Fridericia;BIGNONIACEAE;0;1;0;0;2;3;0;0;1;1;4;3;1
Fridericia_speciosa;Fridericia;BIGNONIACEAE;1;2;3;0;2;1;0;1;1;1;5;0;5
Fusaea_longifolia;Fusaea;ANNONACEAE;1;2;3;0;2;2;0;0;1;1;5;1;5
Gallesia_integrifolia;Gallesia;PHYTOLACCACEAE;1;2;3;0;2;2;0;1;2;0;3;2;2
Garcia_SP.;Garcia;EUPHORBIACEAE;0;2;3;0;2;1;0;1;1;1;1;2;5
Garcinia_aristata;Garcinia;CLUSIACEAE;1;2;3;0;2;2;1;1;1;0;1;1;4
Garcinia_benthamii;Garcinia;CLUSIACEAE;1;2;3;0;2;1;0;1;2;1;5;1;3
Garcinia_intermedia;Garcinia;CLUSIACEAE;1;2;1;0;2;2;0;1;2;1;5;2;2
Garcinia_madruno;Garcinia;CLUSIACEAE;1;2;3;0;2;2;0;1;2;1;5;2;2
Garrya_ovata;Garrya;GARRYACEAE;1;2;3;0;2;1;0;1;2;1;5;1;4
Garrya_SPP.;Garrya;GARRYACEAE;0;2;3;1;1;1;1;1;2;1;5;2;3
Gaultheria_buxifolia;Gaultheria;ERICACEAE;1;2;3;1;1;1;2;1;1;0;5;2;4
Geissospermum_sericeum;Geissospermum;APOCYNACEAE;1;2;3;0;2;2;1;1;2;0;1;1;4
Genipa_americana;Genipa;RUBIACEAE;1;2;3;0;2;1;1;1;2;1;5;1;3
Gesneria_SP.;Gesneria;GESNERIACEAE;1;2;3;0;2;1;1;1;2;1;5;2;3
Glandonia_macrocarpa;Glandonia;MALPIGHIACEAE;1;2;3;0;2;0;2;0;2;1;5;2;
Gloeospermum_SP.;Gloeospermum;VIOLACEAE;1;2;3;0;2;1;1;1;2;1;5;1;5
Gochnatia_barrrosoae;Gochnatia;ASTERACEAE;1;2;3;0;2;2;2;1;1;1;1;1;3
Gochnatia_polymorpha;Gochnatia;ASTERACEAE;0;1;1;0;2;1;0;1;2;1;4;1;2
Gochnatia_purpusii;Gochnatia;ASTERACEAE;0;2;1;0;2;1;0;1;2;1;5;1;2
Godmania_aesculifolia;Godmania;BIGNONIACEAE;1;2;2;0;2;1;0;1;2;1;5;1;3
Gonzalagunia_cornifolia;Gonzalagunia;RUBIACEAE;1;2;3;0;2;1;2;1;0;0;1;0;0
Gordonia_fruticosa;Gordonia;THEACEAE;1;2;3;0;2;1;1;1;0;0;5;1;4
Graffenrieda_spp.;Graffenrieda;MELASTOMATACEAE;1;2;3;1;2;2;2;1;1;1;5;1;4
Grias_cauliflora;Grias;LECYTHIDACEAE;0;2;3;0;2;1;2;1;1;1;1;1;5
Grias_neuberthii;Grias;LECYTHIDACEAE;1;2;3;0;1;1;0;1;1;0;5;3;0
Guaiacum_officinale;Guaiacum;ZYGOPHYLLACEAE;1;2;3;0;2;2;0;1;2;0;1;3;3
Guapira_cuspidata;Guapira;NYCTAGINACEAE;1;2;3;0;2;1;0;1;2;1;1;0;0
Guapira_discolor;Guapira;NYCTAGINACEAE;1;2;1;0;2;2;2;1;1;1;4;0;0
Guapira_noxia;Guapira;NYCTAGINACEAE;1;2;1;0;2;1;2;1;2;1;5;0;0
Guarea_chichon;Guarea;MELIACEAE;1;2;3;0;2;1;2;1;2;1;5;0;5
Guarea_excelsa;Guarea;MELIACEAE;1;2;3;0;2;3;0;0;1;1;0;1;0
Guarea_glabra;Guarea;MELIACEAE;0;2;3;0;2;2;0;0;1;1;0;1;2
Guarea_gomma;Guarea;MELIACEAE;1;2;3;0;2;2;0;1;1;1;1;1;0
Guarea_guidonia;Guarea;MELIACEAE;1;2;3;0;2;2;0;1;2;1;1;1;2
Guarea_kunthiana;Guarea;MELIACEAE;1;2;3;0;2;2;0;1;1;1;0;0;0
Guarea_megantha;Guarea;MELIACEAE;1;2;3;0;2;2;0;0;1;1;1;0;0
Guatteria_australe;Guatteria;ANNONACEAE;0;2;3;0;2;3;0;1;1;1;4;1;2
Guatteria_schomburgkiana;Guatteria;ANNONACEAE;1;2;3;0;2;3;0;1;1;1;3;2;3
Guatteria_slateri;Guatteria;ANNONACEAE;1;2;3;0;2;2;2;1;1;1;1;2;2
Guettarda_elliptica;Guettarda;RUBIACEAE;0;2;3;0;2;0;0;0;1;1;5;1;2
Guettarda_ovalifolia;Guettarda;RUBIACEAE;1;2;3;0;2;1;2;0;1;0;5;1;2
Guettarda_seleriana;Guettarda;RUBIACEAE;1;2;3;0;2;1;0;0;1;0;5;1;4
Guettarda_SPP.;Guettarda;RUBIACEAE;0;2;3;0;2;1;0;1;1;0;5;1;4
Guettarda_viburnoides;Guettarda;RUBIACEAE;1;2;3;0;2;1;0;0;1;0;5;1;4
Gustavia_augusta;Gustavia;LECYTHIDACEAE;0;2;1;0;2;1;0;0;1;1;5;1;5
Gustavia_gigantophylla;Gustavia;LECYTHIDACEAE;1;2;3;0;2;1;0;1;1;1;1;2;3
Gustavia_hexapetala;Gustavia;LECYTHIDACEAE;0;2;3;0;2;1;0;1;1;0;1;2;2
Gustavia_nana;Gustavia;LECYTHIDACEAE;1;2;3;0;2;1;0;1;2;0;5;1;3
Gymnanthes_lucida;Gymnanthes;EUPHORBIACEAE;0;2;3;0;2;1;0;1;2;0;1;3;3
Haenianthus_salicifolius;Haenianthus;OLEACEAE;1;2;3;0;2;0;0;1;2;0;1;0;4
Hamelia_longipes;Hamelia;RUBIACEAE;1;2;3;0;2;2;0;1;1;1;5;1;0
Hancornia_speciosa;Hancornia;APOCYNACEAE;1;2;3;0;2;1;0;0;1;1;5;2;4
Handroanthus_capitatus;Handroanthus;BIGNONIACEAE;1;2;3;0;2;1;0;1;2;1;4;1;0
Handroanthus_chrysanthus;Handroanthus;BIGNONIACEAE;1;2;3;0;2;2;0;1;2;1;4;1;0
Handroanthus_chrysotrichus;Handroanthus;BIGNONIACEAE;1;2;3;0;2;1;0;1;2;1;4;1;0
Handroanthus_heptaphyllus;Handroanthus;BIGNONIACEAE;0;2;3;0;2;2;0;1;2;1;5;1;0
Handroanthus_impetiginosus;Handroanthus;BIGNONIACEAE;1;2;3;0;2;1;0;1;2;1;4;1;0
Handroanthus_ochraceus;Handroanthus;BIGNONIACEAE;0;2;3;0;2;1;0;1;1;1;4;1;0
Handroanthus_serratifolius;Handroanthus;BIGNONIACEAE;1;2;3;0;2;1;0;1;2;1;4;2;2
Haploclathra_paniculata;Haploclathra;CALOPHYLLACEAE;1;2;3;2;2;2;0;1;2;1;4;1;0
Haploclathra_SPP.;Haploclathra;CALOPHYLLACEAE;1;2;1;0;2;1;1;1;2;1;5;0;2
Haplorhus_peruviana;Haplorhus;ANACARDIACEAE;1;2;1;0;2;2;0;1;2;1;5;0;5
Hasseltia_floribunda;Hasseltia;SALICACEAE;1;2;1;0;2;1;0;1;2;1;5;2;0
Hasseltia_spp.;Hasseltia;SALICACEAE;1;2;3;0;2;1;0;0;1;0;5;1;4
Hebepetalum_humiriifolium;Hebepetalum;LINACEAE;1;2;3;0;1;1;0;0;1;1;5;1;4
Hedyosmum_goudotianum;Hedyosmum;CHLORANTHACEAE;1;2;3;0;2;1;1;0;1;0;5;2;4
Heisteria_insculpta;Heisteria;OLACACEAE;1;2;3;1;0;1;0;0;0;0;5;3;1
Heisteria_macrophylla;Heisteria;OLACACEAE;1;2;3;1;1;1;2;1;2;0;5;1;4
Heisteria_SPP.;Heisteria;OLACACEAE;1;2;3;1;1;1;1;1;2;0;5;1;4
Helicostylis_pedunculata;Helicostylis;MORACEAE;1;2;3;0;2;1;0;1;1;1;5;1;2
Helicostylis_scabra;Helicostylis;MORACEAE;1;2;3;0;2;2;0;1;2;1;5;1;2
Helicostylis_SPP.;Helicostylis;MORACEAE;1;2;3;0;2;2;0;1;2;1;5;1;2
Helicostylis_tomentosa;Helicostylis;MORACEAE;1;2;1;0;2;2;0;1;1;1;4;2;2
Helicostylis_turbinata;Helicostylis;MORACEAE;1;2;3;0;2;2;0;1;2;1;0;2;3
Helietta_lucida;Helietta;RUTACEAE;0;1;3;0;2;3;0;1;1;0;1;2;2
Henriettea_multiflora;Henriettea;MELASTOMATACEAE;0;2;3;0;2;1;0;1;2;1;4;1;2
Henriettea_SPP.;Henriettea;MELASTOMATACEAE;1;2;3;0;2;2;0;0;1;1;5;0;1
Henriettella_caudata;Henriettella;MELASTOMATACEAE;1;2;3;0;2;1;0;1;1;1;5;0;5
Henriettella_SPP.;Henriettella;MELASTOMATACEAE;1;2;3;0;2;1;0;0;1;0;1;0;1
Henriquezia_macrophylla;Henriquezia;RUBIACEAE;1;2;3;0;2;1;0;0;1;0;5;1;1
Hernandia_guianensis;Hernandia;HERNANDIACEAE;1;2;3;0;2;2;2;1;2;1;5;0;4
Hernandia_sonora;Hernandia;HERNANDIACEAE;1;2;3;0;2;2;0;1;0;1;5;1;0
Heteropetalum_brasiliense;Heteropetalum;ANNONACEAE;1;2;3;0;2;1;2;1;1;1;5;1;0
Heteropterys_nitida;Heteropterys;MALPIGHIACEAE;1;2;3;0;2;1;2;1;0;1;3;1;0
Heteropterys_serrata;Heteropterys;MALPIGHIACEAE;0;2;3;0;2;2;0;0;1;1;4;1;5
Heteropterys_SP.;Heteropterys;MALPIGHIACEAE;0;2;3;0;2;2;0;0;1;1;4;2;5
Heterosavia_bahamensis;Heterosavia;PHYLLANTHACEAE;1;2;3;0;2;2;0;0;2;1;5;1;4
Hevea_brasiliensis;Hevea;EUPHORBIACEAE;1;2;3;0;2;1;0;1;1;1;5;0;1
Hevea_guianensis;Hevea;EUPHORBIACEAE;1;2;3;0;2;2;0;1;0;0;1;1;3
Hevea_SPP.;Hevea;EUPHORBIACEAE;1;2;3;0;2;3;0;1;0;0;2;1;4
Hieronyma_alchorneoides;Hieronyma;PHYLLANTHACEAE;1;2;3;0;2;2;0;1;1;0;1;1;3
Hieronyma_oblonga;Hieronyma;PHYLLANTHACEAE;1;2;3;0;2;3;1;1;1;0;5;2;4
Hillia_illustris;Hillia;RUBIACEAE;1;2;3;1;2;1;2;1;1;0;5;2;4
Himatanthus_articulatus;Himatanthus;APOCYNACEAE;1;2;3;0;2;3;0;1;1;0;0;2;2
Himatanthus_obovatus;Himatanthus;APOCYNACEAE;1;2;3;0;2;2;1;1;2;1;5;0;1
Himatanthus_sucuuba;Himatanthus;APOCYNACEAE;1;2;3;0;2;2;1;1;1;0;5;1;5
Hippocratea_volubilis;Hippocratea;CELASTRACEAE;1;2;3;0;2;2;1;1;2;0;5;0;1
Hippomane_mancinella;Hippomane;EUPHORBIACEAE;1;2;3;0;2;3;1;0;1;1;5;2;2
Hippotis_SP.;Hippotis;RUBIACEAE;1;2;3;0;2;2;0;1;1;0;1;0;5
Hirtella_americana;Hirtella;CHRYSOBALANACEAE;1;2;3;0;2;1;0;0;1;0;5;2;4
Hirtella_SPP.;Hirtella;CHRYSOBALANACEAE;1;2;3;0;2;2;1;1;2;0;2;0;5
Homalium_racemosa;Homalium;SALICACEAE;1;2;3;0;2;2;1;1;2;0;1;0;5
Homalium_SPP.;Homalium;SALICACEAE;1;2;3;0;2;1;0;0;1;0;5;2;4
Hortia_longifolia;Hortia;RUTACEAE;1;2;3;0;2;2;1;0;2;1;5;2;4
Hortia_SP.;Hortia;RUTACEAE;1;2;3;0;2;1;0;1;2;1;5;1;3
Huberia_consimilis;Huberia;MELASTOMATACEAE;1;2;3;0;2;2;0;1;2;1;5;2;0
Huberia_glazioviana;Huberia;MELASTOMATACEAE;1;2;3;0;2;2;2;0;0;0;5;1;1
Huberia_semiserrata;Huberia;MELASTOMATACEAE;0;2;3;0;2;1;0;0;1;0;5;0;1
Huertea_glandulosa;Huertea;TAPISCIACEAE;1;2;3;0;2;2;0;1;0;1;5;0;1
Huertea_SPP.;Huertea;TAPISCIACEAE;1;2;3;1;1;2;0;1;1;0;5;2;4
Humiria_balsamifera;Humiria;HUMIRIACEAE;1;2;3;0;2;2;0;1;2;1;5;0;1
Humiriastrum_excelsum;Humiriastrum;HUMIRIACEAE;1;2;3;1;2;2;1;1;2;1;5;1;4
Humiriastrum_procerum;Humiriastrum;HUMIRIACEAE;1;2;3;1;2;2;2;1;2;1;5;1;4
Hura_crepitans;Hura;EUPHORBIACEAE;1;2;1;1;1;2;1;1;2;1;5;1;4
Hybanthus_prunifolius;Hybanthus;VIOLACEAE;1;2;3;0;2;3;0;1;0;0;1;0;0
Hydrangea_SPP.;Hydrangea;HYDRANGEACEAE;1;2;1;0;2;0;0;0;1;0;5;1;1
Hyperbaena_domingensis;Hyperbaena;MENISPERMACEAE;1;2;3;0;2;1;0;1;2;1;4;1;2
Ilex_amplifolia;Ilex;AQUIFOLIACEAE;1;2;3;0;2;1;2;1;1;0;5;3;5
Ilex_caliana;Ilex;AQUIFOLIACEAE;1;2;3;1;1;1;1;1;1;0;5;3;4
Ilex_casiquiarensis;Ilex;AQUIFOLIACEAE;1;2;3;1;1;1;1;1;1;0;5;2;3
Ilex_daphnogenea;Ilex;AQUIFOLIACEAE;1;2;3;1;1;1;1;1;1;0;5;2;4
Ilex_dumosa;Ilex;AQUIFOLIACEAE;1;2;3;1;1;1;0;1;1;1;5;2;4
Ilex_guianensis;Ilex;AQUIFOLIACEAE;1;2;3;1;1;1;1;1;1;0;5;2;3
Ilex_jenmanii;Ilex;AQUIFOLIACEAE;1;2;3;1;0;1;1;1;1;0;5;2;3
Ilex_myricoides;Ilex;AQUIFOLIACEAE;1;2;3;1;2;1;1;1;1;0;5;2;2
Ilex_ovalifolia;Ilex;AQUIFOLIACEAE;1;2;3;1;1;1;1;1;1;0;5;2;4
Ilex_parviflora;Ilex;AQUIFOLIACEAE;1;2;1;1;2;1;1;1;1;0;5;3;4
Ilex_repanda;Ilex;AQUIFOLIACEAE;1;2;3;1;0;1;1;1;1;0;5;2;2
Ilex_sideroxyloides;Ilex;AQUIFOLIACEAE;0;2;3;1;2;1;1;1;1;0;5;2;2
Ilex_theezans;Ilex;AQUIFOLIACEAE;1;2;3;1;1;1;1;1;1;0;5;3;2
Ilex_tolucana;Ilex;AQUIFOLIACEAE;0;2;3;1;1;1;2;1;1;0;5;2;5
Illicium_SPP.;Illicium;ILLICIACEAE;1;2;1;1;1;0;1;1;1;0;5;2;4
Iochroma_arborescens;Iochroma;SOLANACEAE;0;2;3;1;1;1;0;1;1;1;5;1;3
Iochroma_gesnerioides;Iochroma;SOLANACEAE;1;2;3;0;2;1;0;1;2;1;5;2;0
Iresine_SP.;Iresine;AMARANTHACEAE;1;2;3;0;2;2;1;1;1;0;1;2;5
Iryanthera_grandis;Iryanthera;MYRISTICACEAE;1;2;3;0;2;2;0;1;1;1;0;2;2
Iryanthera_juruensis;Iryanthera;MYRISTICACEAE;1;2;3;1;1;2;0;1;1;1;1;1;3
Iryanthera_laevis;Iryanthera;MYRISTICACEAE;0;2;3;1;2;2;0;1;1;1;4;1;4
Iryanthera_sagotiana;Iryanthera;MYRISTICACEAE;1;2;3;2;2;2;0;1;1;1;4;1;4
Isertia_parviflora;Isertia;RUBIACEAE;1;2;3;0;2;1;1;1;1;1;5;1;4
Jacaranda_brasiliana;Jacaranda;BIGNONIACEAE;1;2;3;0;2;1;1;1;2;0;5;1;4
Jacaranda_caroba;Jacaranda;BIGNONIACEAE;1;2;3;0;2;1;0;1;1;1;1;0;0
Jacaranda_copaia;Jacaranda;BIGNONIACEAE;0;2;3;0;2;1;0;1;0;1;5;1;2
Jacaranda_mimosifolia;Jacaranda;BIGNONIACEAE;1;2;3;0;2;3;0;1;1;1;4;1;2
Jacaranda_obtusifolia;Jacaranda;BIGNONIACEAE;0;2;3;0;2;1;0;1;1;1;1;0;0
Jacaranda_sect.;Jacaranda;BIGNONIACEAE;1;2;3;0;2;2;0;1;1;1;4;1;0
Jacaranda_semiserrata;Jacaranda;BIGNONIACEAE;1;2;3;0;2;1;0;1;1;1;1;1;5
Jacquinia_armillaris;Jacquinia;PRIMULACEAE;1;2;0;0;2;1;0;1;1;1;4;1;2
Jacquinia_caracasana;Jacquinia;PRIMULACEAE;1;2;3;0;2;1;0;1;1;1;5;2;3
Jasminum_grandiflorum;Jasminum;OLEACEAE;1;2;3;0;2;0;0;1;1;1;5;3;2
Jatropha_curcas;Jatropha;EUPHORBIACEAE;1;2;3;0;2;1;2;1;1;1;5;1;3
Joannesia_heveoides;Joannesia;EUPHORBIACEAE;1;2;3;0;2;3;1;1;2;1;2;1;5
Jodina_rhombifolia;Jodina;SANTALACEAE;1;2;3;0;2;3;1;1;1;0;5;0;5
Juglans_neotropica;Juglans;JUGLANDACEAE;1;2;2;0;2;0;1;1;1;1;5;2;2
Juglans_SPP.;Juglans;JUGLANDACEAE;1;2;3;0;2;2;0;1;1;0;1;1;3
Kielmeyera_argentea;Kielmeyera;CALOPHYLLACEAE;1;2;3;0;2;1;0;1;1;1;4;2;3
Kielmeyera_excelsa;Kielmeyera;CALOPHYLLACEAE;0;2;3;0;2;2;0;1;1;0;1;0;4
Kielmeyera_SPP.;Kielmeyera;CALOPHYLLACEAE;1;2;3;0;2;1;2;1;1;1;0;1;1
Koeberlinia_spinosa;Koeberlinia;KOEBERLINIACEAE;1;2;3;2;2;2;1;1;1;1;1;0;5
Krameria_cytisoides;Krameria;KRAMERIACEAE;0;0;3;0;2;2;2;1;2;0;5;2;0
Krameria_spp.;Krameria;KRAMERIACEAE;1;1;3;0;2;1;1;1;2;1;5;0;5
Krugiodendron_ferreum;Krugiodendron;RHAMNACEAE;1;2;3;0;2;0;2;1;2;0;4;0;1
Lacistema_aggregatum;Lacistema;LACISTEMETACEAE;1;2;3;2;2;1;0;0;1;0;5;2;4
Lacistema_hasslerianum;Lacistema;LACISTEMETACEAE;1;2;1;1;2;0;0;1;1;0;5;1;4
Lacistema_pubescens;Lacistema;LACISTEMETACEAE;1;2;3;1;1;1;0;0;2;0;5;1;4
Lacmellea_lactescens;Lacmellea;APOCYNACEAE;1;2;3;2;1;1;0;0;1;0;5;1;4
Lacmellea_SPP.;Lacmellea;APOCYNACEAE;1;2;3;0;2;1;1;1;1;0;1;1;3
Lacunaria_macrostachya;Lacunaria;OCHNACEAE;1;2;3;0;2;1;0;1;1;0;1;1;4
Ladenbergia_lambertiana;Ladenbergia;RUBIACEAE;1;2;3;0;2;1;2;1;2;0;5;1;4
Ladenbergia_pavonii;Ladenbergia;RUBIACEAE;1;2;3;0;2;1;2;1;1;1;5;1;4
Laetia_corymbulosa;Laetia;SALICACEAE;1;2;3;0;2;2;1;1;1;0;5;2;4
Laetia_cupulata;Laetia;SALICACEAE;1;2;3;0;2;1;0;1;2;0;5;2;4
Laetia_micrantha;Laetia;SALICACEAE;1;2;3;0;2;1;1;0;2;0;5;3;4
Laetia_procera;Laetia;SALICACEAE;0;2;3;0;2;1;0;0;2;0;5;2;3
Laetia_SPP.;Laetia;SALICACEAE;1;2;3;0;2;2;0;0;1;0;5;2;4
Lafoensia_pacari;Lafoensia;LYTHRACEAE;1;2;3;0;2;1;1;0;2;0;5;2;4
Lafoensia_punicifolia;Lafoensia;LYTHRACEAE;0;2;3;0;2;1;0;0;1;1;5;0;2
Laguncularia_racemosa;Laguncularia;COMBRETACEAE;1;2;3;0;2;1;0;0;1;1;5;1;3
Lamanonia_SPP.;Lamanonia;CUNONIACEAE;1;2;3;0;2;1;0;1;1;1;5;0;0
Lamanonia_ternata;Lamanonia;CUNONIACEAE;0;2;3;0;1;1;0;1;1;0;5;1;4
Lantana_camara;Lantana;VERBENACEAE;0;2;1;1;2;1;2;1;1;0;1;1;4
Lardizabala_biternata;Lardizabala;LARDIZABALACEAE;1;2;3;0;2;1;0;1;1;1;5;2;1
Larrea_cuneifolia;Larrea;ZYGOPHYLLACEAE;1;2;3;1;2;1;1;1;1;1;5;2;2
Leandra_breviflora;Leandra;MELASTOMATACEAE;0;2;3;0;2;0;1;1;2;0;1;1;2
Leandra_dichotoma;Leandra;MELASTOMATACEAE;1;2;3;0;2;0;0;1;1;1;5;1;1
Lecythis_chartacea;Lecythis;LECYTHIDACEAE;1;2;3;0;2;0;0;1;1;1;5;0;1
Lecythis_confertiflora;Lecythis;LECYTHIDACEAE;1;2;3;0;2;3;0;1;2;0;0;2;2
Lecythis_corrugata;Lecythis;LECYTHIDACEAE;1;2;3;0;2;2;0;1;1;1;1;1;0
Lecythis_lurida;Lecythis;LECYTHIDACEAE;1;2;3;0;2;2;0;1;2;1;1;1;0
Lecythis_pisonis;Lecythis;LECYTHIDACEAE;1;2;3;0;2;2;0;1;2;0;0;2;3
Lecythis_SPP.;Lecythis;LECYTHIDACEAE;1;2;3;0;2;3;0;1;2;0;1;1;0
Lecythis_zabucajo;Lecythis;LECYTHIDACEAE;1;2;3;0;2;2;1;1;2;0;0;1;4
Leonia_cymosa;Leonia;VIOLACEAE;1;2;3;0;2;3;0;1;2;1;1;1;0
Leonia_glycycarpa;Leonia;VIOLACEAE;1;2;3;1;1;1;0;1;2;0;5;2;4
Leonia_SP.;Leonia;VIOLACEAE;1;2;3;1;1;0;0;1;1;0;5;2;4
Leptocereus_arboreus;Leptocereus;CACTACEAE;1;2;1;0;2;1;0;1;2;0;3;1;0
Licania_alba;Licania;CHRYSOBALANACEAE;1;2;0;0;2;2;2;1;1;1;0;2;5
Licania_arborea;Licania;CHRYSOBALANACEAE;1;2;1;0;2;2;2;1;2;0;2;0;2
Licania_campestre;Licania;CHRYSOBALANACEAE;1;2;1;0;2;3;1;1;2;0;2;1;2
Licania_emarginata;Licania;CHRYSOBALANACEAE;0;2;1;0;2;3;2;1;2;0;1;1;3
Licania_SPP.;Licania;CHRYSOBALANACEAE;1;2;1;0;2;2;1;1;2;0;1;0;2
Licaria_cannella;Licaria;LAURACEAE;1;2;3;0;2;1;0;0;2;1;5;1;3
Licaria_cayennensis;Licaria;LAURACEAE;1;2;3;0;2;2;0;0;2;1;5;1;2
Licaria_chrysophylla;Licaria;LAURACEAE;1;2;3;0;2;2;0;1;2;1;5;1;3
Licaria_rigida;Licaria;LAURACEAE;1;2;3;0;2;2;0;0;1;1;5;1;2
Licaria_subbullata;Licaria;LAURACEAE;1;2;3;0;2;2;0;0;2;1;5;1;0
Licaria_subgrp;Licaria;LAURACEAE;1;2;3;0;2;2;0;0;2;1;4;1;3
Licaria_triandra;Licaria;LAURACEAE;1;2;1;0;2;1;0;0;1;1;5;1;2
Lissocarpa_guianensis;Lissocarpa;LISSOCARPACEAE;0;2;3;1;0;1;1;1;1;0;5;1;3
Lithraea_molleoides;Lithraea;ANACARDIACEAE;0;2;3;2;2;1;0;0;2;1;5;1;3
Lophanthera_pendula;Lophanthera;MALPIGHIACEAE;1;2;3;0;2;1;0;1;0;1;5;0;5
Loreya_arborescens;Loreya;MELASTOMATACEAE;1;2;1;0;2;1;1;1;2;1;5;1;4
Lorostemon_SPP.;Lorostemon;CLUSIACEAE;1;2;3;0;2;2;0;1;1;1;5;0;5
Loxopterygium_grisebachii;Loxopterygium;ANACARDIACEAE;1;2;3;0;2;2;0;1;2;0;1;0;3
Loxopterygium_huasango;Loxopterygium;ANACARDIACEAE;0;2;3;0;2;2;0;0;1;1;5;1;3
Loxopterygium_sagotii;Loxopterygium;ANACARDIACEAE;1;2;3;0;2;2;0;0;2;1;5;1;3
Lozania_pittieri;Lozania;LACISTEMETACEAE;1;2;3;0;2;2;0;0;1;1;5;1;2
Lunania_SP.;Lunania;SALICACEAE;1;2;3;0;2;2;0;0;1;0;5;2;4
Lycianthes_cuneata;Lycianthes;SOLANACEAE;1;2;3;1;2;1;1;0;1;0;5;2;4
Lyonia_jamaicensis;Lyonia;ERICACEAE;0;2;1;0;2;0;0;1;1;1;4;0;1
Mabea_argutissima;Mabea;EUPHORBIACEAE;1;2;3;0;2;0;1;0;2;1;5;1;3
Mabea_piriri;Mabea;EUPHORBIACEAE;1;2;3;0;2;2;0;1;1;0;1;0;5
Mabea_taquari;Mabea;EUPHORBIACEAE;1;2;3;0;2;2;0;1;2;1;2;0;3
Maburea_trinervis;Maburea;OLACACEAE;1;2;3;0;2;2;0;1;1;1;5;1;4
Macairea_spp.;Macairea;MELASTOMATACEAE;1;2;3;1;0;1;1;1;2;1;5;1;5
Macbrideina_peruviana;Macbrideina;RUBIACEAE;1;2;1;0;2;0;0;1;1;1;5;0;1
Machaonia_brasiliensis;Machaonia;RUBIACEAE;1;2;3;0;2;1;1;0;1;0;5;2;4
Macleania_stricta;Macleania;ERICACEAE;1;2;3;0;2;0;1;1;2;1;5;1;4
Maclura_tinctoria;Maclura;MORACEAE;1;2;3;0;2;3;0;1;1;1;0;1;4
Macoubea_guianensis;Macoubea;APOCYNACEAE;1;2;3;0;2;3;0;1;1;1;4;2;0
Macrocnemum_roseum;Macrocnemum;RUBIACEAE;1;2;3;0;2;2;1;1;1;0;1;1;4
Magnolia_cubensis;Magnolia;MAGNOLIACEAE;1;2;3;0;2;1;1;0;1;0;5;1;4
Magnolia_minor;Magnolia;MAGNOLIACEAE;0;2;3;1;0;1;1;1;1;1;4;1;2
Magnolia_ovata;Magnolia;MAGNOLIACEAE;0;2;3;1;1;1;1;1;1;0;1;1;2
Magnolia_sambuensis;Magnolia;MAGNOLIACEAE;1;2;3;1;0;2;1;1;1;0;4;1;2
Mahurea_exstipulata;Mahurea;CALOPHYLLACEAE;1;2;3;0;2;2;0;1;2;1;4;1;0
Mahurea_SPP.;Mahurea;CALOPHYLLACEAE;1;2;3;1;2;1;0;0;2;0;5;1;4
Maieta_guianensis;Maieta;MELASTOMATACEAE;1;2;3;2;2;1;0;0;1;0;5;1;4
Malmea_depressa;Malmea;ANNONACEAE;1;2;3;0;2;2;2;1;1;0;1;1;3
Malouetia_tamaquarina;Malouetia;APOCYNACEAE;1;2;3;0;2;0;1;1;2;0;1;2;2
Malpighia_glabra;Malpighia;MALPIGHIACEAE;1;2;3;0;2;1;1;1;1;0;5;1;4
Malpighia_infestissima;Malpighia;MALPIGHIACEAE;0;2;3;0;2;0;0;1;1;1;4;2;2
Malpighia_SP.;Malpighia;MALPIGHIACEAE;0;2;3;1;2;0;0;1;2;1;1;1;2
Manihot_glaziovii;Manihot;EUPHORBIACEAE;0;1;3;0;2;3;0;0;2;1;4;1;5
Manilkara_bidentata;Manilkara;SAPOTACEAE;1;2;3;0;2;2;0;1;0;1;1;1;4
Manilkara_chicle;Manilkara;SAPOTACEAE;1;2;1;0;2;2;0;1;2;0;1;1;4
Manilkara_huberi;Manilkara;SAPOTACEAE;1;2;1;0;2;1;0;1;2;0;1;1;4
Manilkara_jaimiqui;Manilkara;SAPOTACEAE;1;2;1;0;2;2;0;1;2;0;2;1;4
Mansoa_alliacea;Mansoa;BIGNONIACEAE;1;2;3;0;2;2;0;1;2;0;5;1;4
Mansoa_difficilis;Mansoa;BIGNONIACEAE;0;2;1;0;2;3;0;0;1;1;5;2;3
Maquira_coriacea;Maquira;MORACEAE;1;2;3;0;2;2;0;1;1;0;1;1;4
Maquira_sclerophylla;Maquira;MORACEAE;1;2;3;0;2;2;0;1;1;1;5;2;2
Maquira_SPP.;Maquira;MORACEAE;1;2;1;0;2;2;0;1;1;1;1;2;2
Marcetia_taxifolia;Marcetia;MELASTOMATACEAE;1;2;3;0;2;2;0;0;1;1;5;2;2
Marcgravia_rectiflora;Marcgravia;MARCGRAVIACEAE;1;2;3;0;1;0;0;1;1;1;5;0;1
Marcgraviastrum_mixtum;Marcgraviastrum;MARCGRAVIACEAE;1;2;3;0;2;2;0;0;1;1;5;3;1
Margaritaria_nobilis;Margaritaria;PHYLLANTHACEAE;1;2;3;0;2;2;0;0;1;1;5;2;1
Marila_grandiflora;Marila;CALOPHYLLACEAE;1;2;3;0;2;2;0;1;1;0;5;1;3
Marila_SPP.;Marila;CALOPHYLLACEAE;1;2;3;1;2;1;2;1;1;0;5;2;4
Marlierea_montana;Marlierea;MYRTACEAE;1;2;3;1;2;1;0;1;1;0;5;2;4
Martinella_obovata;Martinella;BIGNONIACEAE;1;2;3;0;2;2;0;1;2;0;1;1;4
Matayba_guianensis;Matayba;SAPINDACEAE;0;2;3;0;2;3;0;0;1;1;4;2;5
Matayba_opaca;Matayba;SAPINDACEAE;1;2;3;0;2;1;0;0;1;1;5;1;2
Matayba_scrobiculata;Matayba;SAPINDACEAE;1;2;3;0;2;2;0;1;1;1;5;0;0
Matayba_SPP.;Matayba;SAPINDACEAE;0;2;3;0;2;2;0;0;1;1;5;0;2
Mauria_heterophylla;Mauria;ANACARDIACEAE;0;2;3;0;2;1;0;1;1;1;5;0;4
Mauria_SPP.;Mauria;ANACARDIACEAE;1;2;3;0;2;2;0;1;1;1;5;1;3
Maytenus_boaria;Maytenus;CELASTRACEAE;1;2;3;0;2;0;1;0;0;0;5;2;4
Maytenus_obtusifolia;Maytenus;CELASTRACEAE;1;2;3;0;2;1;1;1;2;0;1;1;3
Maytenus_octogona;Maytenus;CELASTRACEAE;1;2;3;0;2;1;2;1;2;0;5;2;4
Maytenus_SPP.;Maytenus;CELASTRACEAE;1;2;3;0;2;0;2;0;2;0;5;0;1
Maytenus_texana;Maytenus;CELASTRACEAE;1;2;3;0;2;1;2;1;2;0;5;1;3
Mcvaughia_sergipana;Mcvaughia;MALPIGHIACEAE;0;1;3;0;2;0;2;1;1;0;5;1;3
Mecranium_amygdalinum;Mecranium;MELASTOMATACEAE;0;2;3;0;2;0;0;1;2;1;4;1;5
Melicoccus_SPP.;Melicoccus;SAPINDACEAE;1;2;3;0;2;2;0;1;1;1;5;0;1
Meliosma_allenii;Meliosma;SABIACEAE;1;2;3;0;2;2;0;0;1;1;0;1;0
Meliosma_dentata;Meliosma;SABIACEAE;1;2;3;1;2;2;0;0;1;1;5;2;5
Meliosma_glabrata;Meliosma;SABIACEAE;0;2;3;1;2;2;0;1;1;1;5;1;4
Meliosma_herbertii;Meliosma;SABIACEAE;1;2;3;2;2;1;0;1;0;1;5;2;1
Meliosma_sinuata;Meliosma;SABIACEAE;1;2;3;2;2;2;0;1;1;1;5;1;5
Menodora_SPP.;Menodora;OLEACEAE;0;2;3;1;2;1;1;1;1;1;5;2;2
Meriania_robusta;Meriania;MELASTOMATACEAE;0;2;3;0;2;0;1;1;2;1;4;1;1
Meriania_SPP.;Meriania;MELASTOMATACEAE;1;2;3;0;2;1;0;1;1;1;5;1;1
Meriania_urceolata;Meriania;MELASTOMATACEAE;1;2;3;0;1;2;0;1;1;1;5;0;0
Metopium_brownei;Metopium;ANACARDIACEAE;1;2;3;0;2;2;0;1;1;1;0;0;0
Metopium_toxiferum;Metopium;ANACARDIACEAE;1;2;1;0;2;1;0;1;1;1;4;1;2
Metteniusa_cf.;Metteniusa;METTENIUSACEAE;1;2;3;0;2;1;0;1;1;1;3;1;2
Metteniusa_nucifera;Metteniusa;METTENIUSACEAE;1;2;3;1;2;1;1;1;1;1;1;2;5
Miconia_albicans;Miconia;MELASTOMATACEAE;1;2;3;0;2;2;0;1;2;1;5;1;3
Miconia_amazonica;Miconia;MELASTOMATACEAE;1;2;3;0;2;1;2;0;1;1;5;0;1
Miconia_calvescens;Miconia;MELASTOMATACEAE;1;2;3;0;2;1;2;0;1;1;5;1;1
Miconia_cinnamomifolia;Miconia;MELASTOMATACEAE;1;2;3;0;2;1;0;0;1;1;5;0;1
Miconia_glaberrima;Miconia;MELASTOMATACEAE;1;2;3;0;2;2;0;0;1;1;5;1;2
Miconia_lepidota;Miconia;MELASTOMATACEAE;1;2;3;0;2;1;0;0;0;1;5;0;5
Miconia_ligustroides;Miconia;MELASTOMATACEAE;1;2;3;0;2;2;0;0;2;0;1;0;1
Miconia_longifolia;Miconia;MELASTOMATACEAE;0;2;3;0;2;1;2;0;0;1;5;1;1
Miconia_minutiflora;Miconia;MELASTOMATACEAE;1;2;3;0;2;1;0;0;2;1;5;0;3
Miconia_mirabilis;Miconia;MELASTOMATACEAE;1;2;3;0;2;2;0;0;2;1;5;0;2
Miconia_poeppigii;Miconia;MELASTOMATACEAE;0;2;3;0;2;2;2;1;1;1;5;1;1
Miconia_rimalis;Miconia;MELASTOMATACEAE;1;2;3;0;2;2;0;0;1;1;5;1;1
Miconia_rubiginosa;Miconia;MELASTOMATACEAE;1;2;3;0;2;2;2;0;1;1;5;1;5
Miconia_sellowiana;Miconia;MELASTOMATACEAE;1;2;3;0;2;1;0;0;1;1;5;1;5
Miconia_theizans;Miconia;MELASTOMATACEAE;0;2;3;0;2;0;0;0;1;1;5;1;1
Micrandra_inundata;Micrandra;EUPHORBIACEAE;1;2;3;0;2;1;2;0;1;1;5;1;1
Micrandra_rossiana;Micrandra;EUPHORBIACEAE;0;2;3;0;2;2;1;1;0;0;1;1;1
Micrandra_SP.;Micrandra;EUPHORBIACEAE;1;2;3;0;2;3;0;0;1;0;2;1;4
Micrandra_spruceana;Micrandra;EUPHORBIACEAE;1;2;3;0;2;3;0;1;1;0;2;1;4
Microlepis_oleifolia;Microlepis;MELASTOMATACEAE;1;2;3;0;2;3;0;1;2;0;1;1;4
Micropholis_egensis;Micropholis;SAPOTACEAE;0;2;3;0;2;1;#REF!;0;1;1;5;2;5
Micropholis_melinoniana;Micropholis;SAPOTACEAE;1;2;1;0;2;2;0;1;2;0;2;1;4
Micropholis_SPP.;Micropholis;SAPOTACEAE;1;2;3;0;2;2;0;1;1;0;2;1;4
Minquartia_guianensis;Minquartia;OLACACEAE;1;2;3;0;2;2;0;1;2;1;5;2;0
Mollinedia_gilgiana;Mollinedia;MONIMIACEAE;1;2;3;1;2;2;0;1;2;0;1;1;4
Mollinedia_glabra;Mollinedia;MONIMIACEAE;1;2;3;1;0;0;2;1;1;1;5;1;3
Mollinedia_glaziovianai;Mollinedia;MONIMIACEAE;1;2;3;1;0;1;1;1;1;0;5;2;4
Mollinedia_marliae;Mollinedia;MONIMIACEAE;1;2;3;1;0;0;1;0;1;0;5;2;3
Mollinedia_viridiflora;Mollinedia;MONIMIACEAE;1;2;3;1;1;1;1;0;1;0;5;3;2
Morella_cerifera;Morella;MYRICACEAE;1;2;3;1;0;1;2;0;1;1;5;2;1
Morella_pubescens;Morella;MYRICACEAE;1;2;3;1;1;1;1;1;1;0;5;1;2
Morinda_debilis;Morinda;RUBIACEAE;0;1;3;1;1;0;2;1;2;0;5;2;3
Morinda_panamensis;Morinda;RUBIACEAE;1;2;3;1;2;1;1;1;1;0;5;1;3
Mosquitoxylum_jamaicense;Mosquitoxylum;ANACARDIACEAE;1;2;3;0;2;3;0;1;2;0;0;1;0
Mouriri_acutiflora;Mouriri;MELASTOMATACEAE;0;0;3;0;2;0;2;1;2;1;5;1;2
Mouriri_barinensis;Mouriri;MELASTOMATACEAE;1;2;3;0;2;2;0;1;1;1;5;1;4
Mouriri_chamissoana;Mouriri;MELASTOMATACEAE;1;2;3;0;2;1;1;1;2;1;0;0;5
Mouriri_huberi;Mouriri;MELASTOMATACEAE;1;2;3;0;2;2;2;1;2;1;5;1;1
Mouriri_SPP.;Mouriri;MELASTOMATACEAE;1;2;3;0;2;1;0;1;1;1;5;0;1
Myrcia_aff.;Myrcia;MYRTACEAE;0;2;3;0;2;1;0;1;1;1;5;1;2
Myrcia_amazonica;Myrcia;MYRTACEAE;1;2;3;0;2;2;0;0;2;1;5;1;3
Myrcia_guianensis;Myrcia;MYRTACEAE;1;2;3;0;2;2;1;1;2;1;1;1;3
Myrcia_minutiflora;Myrcia;MYRTACEAE;1;2;3;0;2;1;2;1;1;0;5;1;2
Myrcia_oerstediana;Myrcia;MYRTACEAE;1;2;3;0;2;1;2;1;1;0;5;2;4
Myrcia_pubipetala;Myrcia;MYRTACEAE;0;2;1;0;2;1;1;1;1;0;5;2;4
Myrcia_spp.;Myrcia;MYRTACEAE;1;2;1;0;2;2;1;1;2;0;5;1;4
Myrcianthes_pungens;Myrcianthes;MYRTACEAE;1;2;3;0;2;2;1;1;2;0;5;2;4
Myrciaria_floribunda;Myrciaria;MYRTACEAE;0;2;3;0;2;0;1;1;1;1;5;1;2
Myriocarpa_obovata;Myriocarpa;URTICACEAE;1;2;1;0;2;1;1;1;1;1;5;1;4
Myriocarpa_yzabalensis;Myriocarpa;URTICACEAE;1;2;3;0;2;1;0;0;2;1;5;0;5
Naucleopsis_concinna;Naucleopsis;MORACEAE;1;2;3;0;2;1;0;0;1;1;5;2;3
Naucleopsis_SPP.;Naucleopsis;MORACEAE;1;2;3;0;2;1;0;1;2;1;5;2;3
Nealchornea_yapurensis;Nealchornea;EUPHORBIACEAE;1;2;1;0;2;1;0;0;1;1;4;1;4
Nectandra_ambigens;Nectandra;LAURACEAE;1;2;3;0;2;0;0;0;1;1;5;0;1
Nectandra_coriacea;Nectandra;LAURACEAE;1;2;3;0;2;2;0;0;1;1;5;2;3
Nectandra_globosa;Nectandra;LAURACEAE;0;2;3;0;2;1;0;0;1;1;5;1;2
Nectandra_leucantha;Nectandra;LAURACEAE;0;2;3;0;2;3;0;0;1;1;5;2;2
Nectandra_puberula;Nectandra;LAURACEAE;0;2;3;0;2;1;0;0;1;1;5;1;2
Nectandra_reticulata;Nectandra;LAURACEAE;1;2;3;0;2;2;0;0;1;1;5;1;2
Nectandra_salicifolia;Nectandra;LAURACEAE;1;2;3;0;2;2;0;0;1;1;5;1;2
Nectandra_sanguinea;Nectandra;LAURACEAE;1;2;3;0;2;2;0;0;1;1;5;1;3
Neea_amplifolia;Neea;NYCTAGINACEAE;0;2;3;1;2;2;0;0;1;1;5;1;2
Neea_divaricata;Neea;NYCTAGINACEAE;1;2;3;0;2;1;2;1;1;1;5;0;3
Neea_floribunda;Neea;NYCTAGINACEAE;1;2;1;0;2;1;2;1;1;1;5;0;2
Neea_krukovii;Neea;NYCTAGINACEAE;1;2;1;0;2;1;0;1;2;1;4;0;3
Neea_madeirana;Neea;NYCTAGINACEAE;1;2;1;0;2;1;2;1;2;1;4;0;2
Nepsera_aquatica;Nepsera;MELASTOMATACEAE;1;2;3;0;2;0;0;1;2;1;5;0;1
Nicotiana_raimondii;Nicotiana;SOLANACEAE;1;2;3;0;2;0;0;1;1;1;5;1;5
Ochoterenaea_columbiana;Ochoterenaea;ANACARDIACEAE;1;2;3;0;2;3;0;0;1;1;5;2;4
Ochthocosmus_barrae;Ochthocosmus;IXONANTHACEAE;1;2;3;0;2;2;0;1;1;1;5;1;2
Ocotea_aciphylla;Ocotea;LAURACEAE;1;2;3;0;2;2;0;1;2;1;2;1;3
Ocotea_canaliculata;Ocotea;LAURACEAE;0;2;3;0;2;1;0;0;1;1;5;1;2
Ocotea_catharinensis;Ocotea;LAURACEAE;1;2;3;0;2;2;0;0;1;1;5;1;2
Ocotea_corymbosa;Ocotea;LAURACEAE;0;2;3;1;2;1;0;0;1;1;5;1;3
Ocotea_curucutuensis;Ocotea;LAURACEAE;1;2;3;0;2;1;2;0;1;1;5;1;2
Ocotea_dendrodaphne;Ocotea;LAURACEAE;0;2;3;0;2;2;0;0;1;1;5;1;2
Ocotea_diospyrifolia;Ocotea;LAURACEAE;1;2;3;0;2;2;0;0;1;1;5;2;3
Ocotea_guianensis;Ocotea;LAURACEAE;1;2;3;0;2;2;0;0;1;1;5;1;2
Ocotea_indecora;Ocotea;LAURACEAE;1;2;3;0;2;2;0;0;1;1;5;1;2
Ocotea_odorifera;Ocotea;LAURACEAE;0;2;3;0;2;1;0;0;1;1;5;1;2
Ocotea_porosa;Ocotea;LAURACEAE;0;2;3;0;2;1;0;1;1;1;5;1;3
Ocotea_puberula;Ocotea;LAURACEAE;0;2;3;0;2;1;0;0;0;1;5;1;2
Ocotea_pulchella;Ocotea;LAURACEAE;1;2;3;0;2;2;0;1;1;1;5;1;2
Ocotea_schomburgkiana;Ocotea;LAURACEAE;0;2;3;0;2;1;0;0;1;1;5;1;2
Ocotea_splendens;Ocotea;LAURACEAE;1;2;3;0;2;2;0;0;0;1;5;1;3
Ocotea_tomentella;Ocotea;LAURACEAE;1;2;3;0;2;2;0;0;1;1;5;1;3
Odontadenia_macrantha;Odontadenia;APOCYNACEAE;1;2;3;0;2;2;0;0;1;1;5;1;2
Oecopetalum_mexicanum;Oecopetalum;ICACINACEAE;1;2;3;0;2;1;0;0;1;0;5;1;4
Omphalea_oleifera;Omphalea;EUPHORBIACEAE;1;2;3;0;2;2;1;1;1;0;5;2;4
Ophiocaryon_manausense;Ophiocaryon;SABIACEAE;1;2;3;0;2;2;0;1;2;0;3;2;2
Oreocallis_grandiflora;Oreocallis;PROTEACEAE;1;1;3;0;2;0;0;0;1;1;5;2;5
Oreomunnea_pterocarpa;Oreomunnea;JUGLANDACEAE;1;2;0;0;2;0;1;1;1;0;1;3;2
Oreopanax_peltatus;Oreopanax;ARALIACEAE;1;2;1;0;2;2;0;1;1;0;1;1;2
Oreopanax_SPP.;Oreopanax;ARALIACEAE;1;2;3;0;0;1;0;1;0;1;5;2;3
Oreopanax_xalapense;Oreopanax;ARALIACEAE;1;2;3;1;1;1;0;0;0;0;5;2;3
Orthion_oblanceolatum;Orthion;VIOLACEAE;1;2;1;1;2;1;0;1;0;1;5;2;5
Orthopterygium_huaucui;Orthopterygium;ANACARDIACEAE;1;2;3;0;2;2;0;1;2;1;1;2;3
Osmanthus_americanus;Osmanthus;OLEACEAE;1;2;3;0;2;1;0;0;1;1;5;0;3
Ossaea_laxivenula;Ossaea;MELASTOMATACEAE;0;2;2;0;2;0;0;1;1;1;4;1;2
Ossaea_micrantha;Ossaea;MELASTOMATACEAE;1;2;3;0;2;0;0;0;1;1;5;0;1
Ostrya_virginiana;Ostrya;BETULACEAE;0;2;3;1;2;1;0;1;1;0;4;1;0
Otoba_SP.;Otoba;MYRISTICACEAE;0;2;1;0;2;1;0;1;1;0;1;1;2
Ottoschulzia_pallida;Ottoschulzia;ICACINACEAE;1;2;0;1;2;1;2;1;1;0;1;3;4
Ouratea_castaneaefolia;Ouratea;OCHNACEAE;1;2;3;1;1;1;2;1;1;1;5;3;5
Ouratea_spectabilis;Ouratea;OCHNACEAE;1;2;3;0;2;2;1;1;2;1;5;1;4
Oxandra_asbeckii;Oxandra;ANNONACEAE;1;2;3;0;2;1;2;1;1;1;5;2;5
Oxandra_lanceolata;Oxandra;ANNONACEAE;1;2;3;0;2;1;0;1;2;0;2;1;3
Oxandra_riedeliana;Oxandra;ANNONACEAE;1;2;3;0;2;0;2;1;2;0;3;2;3
Oxandra_venezuela;Oxandra;ANNONACEAE;1;2;3;0;2;2;0;1;1;0;1;2;3
Pachyanthus_cubensis;Pachyanthus;MELASTOMATACEAE;0;2;3;0;2;1;0;1;1;0;1;3;0
Pachycormus_discolor;Pachycormus;ANACARDIACEAE;1;2;3;0;2;1;0;0;1;1;5;0;3
Pachyloma_huberioides;Pachyloma;MELASTOMATACEAE;0;2;3;0;2;1;0;1;1;1;5;2;2
Pagamea_capitata;Pagamea;RUBIACEAE;1;2;1;0;2;2;0;0;1;1;5;1;5
Pagamea_guianensis;Pagamea;RUBIACEAE;0;2;3;0;2;1;1;1;1;1;1;1;4
Pagamea_SPP.;Pagamea;RUBIACEAE;1;2;3;2;2;2;2;1;1;0;0;2;4
Palicourea_crocea;Palicourea;RUBIACEAE;1;2;3;0;2;2;1;1;2;1;5;1;3
Palicourea_guianensis;Palicourea;RUBIACEAE;1;2;3;0;2;1;1;0;1;0;5;1;3
Panopsis_sessilifolia;Panopsis;PROTEACEAE;1;2;3;0;2;0;0;0;2;0;5;2;4
Parahancornia_fasciculata;Parahancornia;APOCYNACEAE;1;2;3;0;2;2;0;1;2;1;0;1;2
Parahancornia_peruviana;Parahancornia;APOCYNACEAE;1;2;3;0;2;2;1;1;1;0;1;1;0
Parinari_campestris;Parinari;CHRYSOBALANACEAE;1;1;1;0;2;1;0;1;1;1;4;1;0
Parinari_SPP.;Parinari;CHRYSOBALANACEAE;1;2;3;0;2;3;1;1;1;0;1;0;3
Parmentiera_macrophylla;Parmentiera;BIGNONIACEAE;1;2;1;0;2;3;1;1;2;0;2;0;3
Parthenium_argentatum;Parthenium;ASTERACEAE;1;2;3;2;2;1;0;0;1;1;4;1;0
Parthenium_incanum;Parthenium;ASTERACEAE;0;0;3;0;2;1;0;1;2;1;5;2;2
Passiflora_mollissima;Passiflora;PASSIFLORACEAE;1;2;1;0;2;1;0;1;2;0;1;1;4
Pausandra_spp.;Pausandra;EUPHORBIACEAE;1;2;3;0;2;3;0;1;1;1;5;3;5
Paypayrola_guianensis;Paypayrola;VIOLACEAE;1;2;3;0;2;0;0;1;2;0;1;1;4
Paypayrola_SP.;Paypayrola;VIOLACEAE;1;2;1;1;0;0;0;0;2;0;5;2;5
Pelliciera_rhizophorae;Pelliciera;TETRAMERISTACEAE;1;2;3;0;2;1;0;0;1;1;5;0;3
Peltanthera_floribunda;Peltanthera;LOGANIACEAE;1;2;3;0;2;1;0;0;1;1;5;0;5
Pentagonia_macrophylla;Pentagonia;RUBIACEAE;1;2;3;0;2;1;0;1;1;1;5;1;1
Pera_arborea;Pera;PERACEAE;1;2;3;0;2;2;0;0;2;1;5;2;5
Pera_bicolor;Pera;PERACEAE;1;2;3;0;2;2;1;1;2;0;1;0;3
Pera_glabrata;Pera;PERACEAE;1;2;3;0;2;2;0;1;1;0;1;0;5
Pera_spp.;Pera;PERACEAE;1;2;1;0;2;2;1;1;2;0;1;1;4
Pereskia_guamacho;Pereskia;CACTACEAE;1;2;3;0;2;2;0;0;1;1;1;2;3
Perianthomega_vellozoi;Perianthomega;BIGNONIACEAE;1;2;3;0;1;2;0;1;1;1;5;2;2
Peritassa_SPP.;Peritassa;CELASTRACEAE;1;2;3;0;2;2;0;0;1;1;5;1;5
Perrottetia_longistylis;Perrottetia;CELASTRACEAE;1;2;3;0;2;1;2;0;1;1;5;0;5
Persea_americana;Persea;LAURACEAE;1;2;3;1;1;1;1;0;1;0;5;2;4
Persea_caerulea;Persea;LAURACEAE;1;2;1;0;2;1;0;1;1;1;5;2;3
Persea_venosa;Persea;LAURACEAE;1;2;3;0;2;2;0;1;1;1;5;1;2
Petrea_volubilis;Petrea;VERBENACEAE;1;2;3;0;2;2;0;0;2;1;5;1;3
Philadelphus_mexicanus;Philadelphus;HYDRANGEACEAE;0;1;0;0;2;1;0;1;1;1;5;2;1
Philadelphus_SPP.;Philadelphus;HYDRANGEACEAE;0;2;3;1;1;1;2;1;1;1;5;3;2
Phoebe_porosa;Phoebe;LAURACEAE;0;2;3;2;2;0;1;1;1;1;5;2;2
Phyllanthus_acuminatus;Phyllanthus;PHYLLANTHACEAE;1;2;3;0;2;2;0;1;1;1;5;1;2
Phyllanthus_brasiliensis;Phyllanthus;PHYLLANTHACEAE;1;2;3;0;2;1;0;0;2;0;5;1;4
Phyllanthus_grandifolius;Phyllanthus;PHYLLANTHACEAE;0;2;3;0;2;1;0;1;1;0;5;1;3
Phyllanthus_salviifolius;Phyllanthus;PHYLLANTHACEAE;1;2;3;0;2;1;0;0;1;1;5;2;4
Phyllanthus_sellowianus;Phyllanthus;PHYLLANTHACEAE;1;2;3;0;2;1;0;1;1;0;5;2;1
Phyllostylon_rhamnoides;Phyllostylon;ULMACEAE;1;2;3;0;2;0;0;0;1;0;5;1;1
Physocalymma_scaberrimum;Physocalymma;LYTHRACEAE;1;2;3;0;2;0;2;1;2;1;4;1;2
Picramnia_pentandra;Picramnia;PICRAMNIACEAE;1;2;3;0;2;1;2;1;0;1;5;2;3
Picrasma_crenata;Picrasma;SIMAROUBACEAE;1;2;1;0;2;1;0;0;1;0;5;2;4
Pimenta_acris;Pimenta;MYRTACEAE;0;2;3;0;2;2;0;1;1;1;5;1;2
Pimenta_dioica;Pimenta;MYRTACEAE;1;2;3;0;2;1;1;1;2;0;5;1;4
Pineda_weberbaueri;Pineda;SALICACEAE;0;2;3;0;2;0;1;1;2;1;1;1;4
Piper_hispidum;Piper;PIPERACEAE;1;2;3;0;2;1;0;1;1;1;5;3;1
Piptocarpha_rotundifolia;Piptocarpha;ASTERACEAE;1;2;3;0;2;2;0;1;1;1;5;3;1
Pisonia_aculeata;Pisonia;NYCTAGINACEAE;1;2;3;0;2;1;0;1;2;0;0;0;4
Pisonia_cacerensis;Pisonia;NYCTAGINACEAE;1;2;3;0;2;3;2;1;1;1;5;1;2
Pisonia_zapallo;Pisonia;NYCTAGINACEAE;1;2;1;0;2;1;2;1;1;1;5;0;2
Pistacia_mexicana;Pistacia;ANACARDIACEAE;0;2;3;0;2;1;2;1;1;1;5;1;3
Pistacia_SPP.;Pistacia;ANACARDIACEAE;0;0;1;0;2;2;0;1;1;1;4;1;2
Platanus_lindeniana;Platanus;PLATANACEAE;0;2;1;0;2;2;0;0;1;1;5;2;2
Platonia_insignis;Platonia;CLUSIACEAE;1;2;3;0;1;1;1;1;1;0;5;3;2
Plenckia_populnea;Plenckia;CELASTRACEAE;1;2;3;0;2;2;2;1;2;1;5;0;2
Plenckia_SP.;Plenckia;CELASTRACEAE;0;2;3;0;2;0;2;0;1;1;5;1;5
Pleodendron_costaricense;Pleodendron;CANELLACEAE;1;1;3;0;2;0;1;1;2;0;5;1;4
Pleodendron_SP.;Pleodendron;CANELLACEAE;0;2;1;2;1;1;1;1;2;1;5;0;0
Pleonotoma_melioides;Pleonotoma;BIGNONIACEAE;1;2;1;1;1;1;1;1;1;0;5;0;2
Pleuranthodendron_mexicana;Pleuranthodendron;SALICACEAE;1;2;3;0;2;0;0;1;2;0;5;1;0
Pleurisanthes_flava;Pleurisanthes;ICACINACEAE;1;2;3;1;2;1;1;0;1;0;5;2;4
Pleurothyrium_spp.;Pleurothyrium;LAURACEAE;1;2;3;0;2;2;1;1;1;1;5;2;5
Plumeria_tarapotensis;Plumeria;APOCYNACEAE;1;2;3;0;2;3;1;0;0;0;1;0;5
Pogonophora_schomburgkiana;Pogonophora;PERACEAE;1;2;3;0;2;2;1;1;1;0;1;1;3
Polygala_SP.;Polygala;POLYGALACEAE;1;2;3;0;2;2;0;1;1;1;5;1;2
Polygonanthus_amazonicus;Polygonanthus;RHIZOPHORACEAE;1;2;3;0;2;2;1;1;1;0;5;1;3
Polylepis_australis;Polylepis;ROSACEAE;1;2;3;0;2;2;1;1;1;0;1;3;2
Poraqueiba_guianensis;Poraqueiba;ICACINACEAE;0;2;3;0;2;1;1;1;1;0;5;1;2
Poraqueiba_sericea;Poraqueiba;ICACINACEAE;1;2;3;1;1;1;1;1;2;0;1;3;4
Posoqueria_latifolia;Posoqueria;RUBIACEAE;0;2;1;0;2;2;0;1;1;1;5;0;2
Poulsenia_armata;Poulsenia;MORACEAE;1;2;3;0;2;0;0;1;2;0;1;0;1
Pourouma_bicolor;Pourouma;URTICACEAE;1;2;1;0;2;2;0;1;0;1;5;2;2
Pourouma_minor;Pourouma;URTICACEAE;1;2;3;0;2;2;0;1;1;1;1;2;2
Pouteria_ambelaniifolia;Pouteria;SAPOTACEAE;1;2;3;0;2;3;0;1;1;1;4;2;4
Pouteria_attenuata;Pouteria;SAPOTACEAE;1;2;1;0;2;1;0;1;2;0;1;1;3
Pouteria_campechiana;Pouteria;SAPOTACEAE;1;2;1;0;2;2;0;1;2;0;2;1;2
Pouteria_chiricana;Pouteria;SAPOTACEAE;1;2;1;0;2;2;0;1;2;0;1;0;2
Pouteria_cladantha;Pouteria;SAPOTACEAE;1;2;1;0;2;1;0;1;2;0;1;1;4
Pouteria_cuspidata;Pouteria;SAPOTACEAE;1;2;1;0;2;1;0;1;2;0;2;0;3
Pouteria_durlandii;Pouteria;SAPOTACEAE;1;2;1;0;2;2;0;1;2;0;1;1;4
Pouteria_egregia;Pouteria;SAPOTACEAE;1;2;1;0;2;1;1;1;1;0;1;0;3
Pouteria_eugeniifolia;Pouteria;SAPOTACEAE;1;2;3;0;2;1;0;1;2;0;1;1;3
Pouteria_gomphiifolia;Pouteria;SAPOTACEAE;1;2;3;0;2;1;0;1;2;0;1;1;4
Pouteria_hispida;Pouteria;SAPOTACEAE;1;2;3;0;2;3;0;1;2;0;1;0;4
Pouteria_macrocarpa;Pouteria;SAPOTACEAE;1;2;1;0;2;2;0;1;2;0;1;1;3
Pouteria_macrophylla;Pouteria;SAPOTACEAE;1;2;1;0;2;1;0;1;2;0;1;1;4
Pouteria_pariry;Pouteria;SAPOTACEAE;1;2;3;0;2;2;0;1;2;0;1;1;4
Pouteria_ramiflora;Pouteria;SAPOTACEAE;1;2;3;0;2;2;0;1;2;0;1;2;3
Pouteria_sapota;Pouteria;SAPOTACEAE;1;2;3;2;2;1;0;1;2;0;0;1;3
Pouteria_speciosa;Pouteria;SAPOTACEAE;1;2;3;0;2;2;0;1;2;0;1;1;3
Pouteria_SPP.;Pouteria;SAPOTACEAE;1;2;1;0;2;2;0;1;1;0;2;1;4
Pradosia_ptychandra;Pradosia;SAPOTACEAE;1;2;1;0;2;2;0;1;2;0;1;0;2
Pradosia_schomburgkiana;Pradosia;SAPOTACEAE;1;2;1;0;2;1;0;1;2;0;2;1;4
Pradosia_SPP.;Pradosia;SAPOTACEAE;1;2;3;0;2;1;0;1;2;0;2;1;4
Prockia_crucis;Prockia;SALICACEAE;1;2;1;0;2;1;0;1;2;0;1;1;2
Protium_copal;Protium;BURSERACEAE;1;2;3;0;2;1;0;0;1;0;5;1;4
Protium_decandrum;Protium;BURSERACEAE;1;2;3;0;2;2;0;0;1;1;5;1;2
Protium_guianense;Protium;BURSERACEAE;1;2;3;0;2;1;0;0;1;1;5;1;3
Protium_heptaphyllum;Protium;BURSERACEAE;1;2;1;0;2;1;0;0;2;1;5;0;3
Protium_paniculatum;Protium;BURSERACEAE;1;2;3;0;2;1;0;0;2;1;5;1;2
Protium_SPP.;Protium;BURSERACEAE;0;2;3;0;2;2;1;0;0;1;5;1;2
Protium_tenuifolium;Protium;BURSERACEAE;1;2;3;0;2;1;0;0;1;0;5;0;2
Prunus_myrtifolia;Prunus;ROSACEAE;0;2;3;0;2;2;0;0;1;1;5;1;2
Pseudosenefeldera_inclinata;Pseudosenefeldera;EUPHORBIACEAE;1;2;3;0;2;2;0;1;2;1;5;0;2
Pseudosmodingium_perniciosum;Pseudosmodingium;ANACARDIACEAE;0;2;1;0;2;1;0;1;1;0;1;1;5
Pseudoxandra_lucida;Pseudoxandra;ANNONACEAE;1;2;3;0;2;1;0;1;1;1;5;1;2
Psidium_galapageium;Psidium;MYRTACEAE;1;2;3;0;2;1;1;1;1;0;1;2;0
Psidium_guajava;Psidium;MYRTACEAE;1;2;1;0;2;0;1;1;1;0;1;1;3
Psidium_sartorianum;Psidium;MYRTACEAE;1;2;3;0;2;1;2;1;1;0;1;1;4
Psychotria_brasiliensis;Psychotria;RUBIACEAE;1;2;3;0;2;0;0;1;2;0;5;1;4
Psychotria_hazenii;Psychotria;RUBIACEAE;0;2;3;0;2;0;1;0;1;0;5;1;1
Psychotria_hoffmannseggiana;Psychotria;RUBIACEAE;1;2;3;0;2;1;0;0;1;0;5;2;5
Psychotria_leiocarpa;Psychotria;RUBIACEAE;1;2;3;0;2;0;1;0;1;0;5;1;1
Psychotria_nuda;Psychotria;RUBIACEAE;1;2;3;0;2;0;1;0;1;0;5;2;1
Psychotria_oncocarpa;Psychotria;RUBIACEAE;1;2;3;0;2;0;1;0;1;0;5;2;5
Psychotria_pubigera;Psychotria;RUBIACEAE;1;2;3;0;2;0;0;0;2;0;5;2;4
Psychotria_ruelliifolia;Psychotria;RUBIACEAE;1;2;3;0;2;0;1;0;1;0;5;1;1
Psychotria_SPP.;Psychotria;RUBIACEAE;1;2;1;0;2;0;0;0;1;0;5;1;1
Psychotria_suterella;Psychotria;RUBIACEAE;1;2;3;2;2;1;0;0;1;0;5;1;4
Psychotria_vellosiana;Psychotria;RUBIACEAE;1;2;3;0;2;0;1;0;1;0;5;1;2
Ptelea_trifoliata;Ptelea;RUTACEAE;0;2;3;0;2;1;1;0;1;0;5;2;5
Ptilochaeta_nudipes;Ptilochaeta;MALPIGHIACEAE;0;0;0;0;2;2;0;1;2;1;4;2;0
Ptychopetalum_olacoides;Ptychopetalum;OLACACEAE;0;1;1;0;2;0;0;0;2;1;5;1;3
Pyrostegia_venusta;Pyrostegia;BIGNONIACEAE;1;2;3;0;2;2;0;1;2;0;5;1;2
Qualea_albiflora;Qualea;VOCHYSIACEAE;0;2;3;0;2;2;0;0;2;1;4;2;5
Qualea_coerulea;Qualea;VOCHYSIACEAE;1;2;3;0;2;2;0;1;1;1;5;1;0
Qualea_dichotoma;Qualea;VOCHYSIACEAE;1;2;3;0;2;2;0;1;1;1;5;1;0
Qualea_dinizii;Qualea;VOCHYSIACEAE;1;2;3;0;2;2;2;0;1;1;0;1;0
Qualea_grandiflora;Qualea;VOCHYSIACEAE;1;2;3;0;2;2;0;1;1;1;4;2;0
Qualea_multiflora;Qualea;VOCHYSIACEAE;0;2;3;1;2;1;2;0;2;1;0;1;0
Qualea_rosea;Qualea;VOCHYSIACEAE;1;2;3;0;2;1;0;0;2;1;0;1;0
Qualea_SPP.;Qualea;VOCHYSIACEAE;1;2;3;0;2;3;0;1;1;1;5;1;2
Quassia_amara;Quassia;SIMAROUBACEAE;1;2;3;0;2;3;0;1;1;1;5;1;0
Quercus_group;Quercus;FAGACEAE;0;2;3;0;2;3;0;0;1;1;5;1;2
Quiina_amazonica;Quiina;OCHNACEAE;1;2;3;0;2;1;0;1;1;1;4;0;2
Quiina_cruegeriana;Quiina;OCHNACEAE;1;1;1;0;2;3;0;1;2;1;1;3;0
Quillaja_lancifolia;Quillaja;QUILLAJACEAE;1;2;3;0;2;1;1;1;2;1;5;1;4
Randia_aculeata;Randia;RUBIACEAE;0;2;3;0;2;1;1;1;1;1;5;1;2
Randia_armata;Randia;RUBIACEAE;0;2;3;0;2;2;0;1;2;1;5;0;1
Randia_capitata;Randia;RUBIACEAE;1;2;3;0;2;0;1;1;2;0;5;1;4
Rauvolfia_praecox;Rauvolfia;APOCYNACEAE;0;2;1;0;2;1;1;1;1;1;5;1;4
Remijia_amazonica;Remijia;RUBIACEAE;1;2;1;0;2;1;0;1;1;1;5;1;2
Retiniphyllum_SP.;Retiniphyllum;RUBIACEAE;1;2;3;0;2;1;1;1;1;0;5;2;2
Reynosia_septentrionalis;Reynosia;RHAMNACEAE;1;2;3;1;2;1;1;1;1;1;5;1;4
Rhabdodendron_amazonicum;Rhabdodendron;RHABDODENDRACEAE;1;2;3;0;2;0;1;1;1;1;5;1;2
Rhabdodendron_macrophyllum;Rhabdodendron;RHABDODENDRACEAE;1;2;2;0;2;1;2;1;1;1;5;2;3
Rhamnidium_elaeocarpum;Rhamnidium;RHAMNACEAE;1;2;3;0;2;1;0;1;2;1;5;1;3
Rhamnidium_glabrum;Rhamnidium;RHAMNACEAE;1;2;3;0;2;1;1;1;2;0;4;1;4
Rhamnidium_nipense;Rhamnidium;RHAMNACEAE;1;2;3;0;2;1;0;1;0;1;4;2;4
Rhamnus_humboldtiana;Rhamnus;RHAMNACEAE;1;2;3;0;2;1;0;1;2;1;4;1;3
Rhizophora_harrisonii;Rhizophora;RHIZOPHORACEAE;1;2;3;0;2;2;2;1;1;1;5;2;3
Rhizophora_mangle;Rhizophora;RHIZOPHORACEAE;1;2;1;0;2;1;0;1;2;1;4;1;3
Rhizophora_racemosa;Rhizophora;RHIZOPHORACEAE;1;2;3;1;0;1;0;0;2;1;5;2;2
Rhizophora_SPP.;Rhizophora;RHIZOPHORACEAE;1;2;3;1;1;1;0;0;2;1;5;2;2
Rhodostemonodaphne_grandis;Rhodostemonodaphne;LAURACEAE;1;2;3;1;0;1;0;1;2;1;5;2;2
Rhus_virens;Rhus;ANACARDIACEAE;1;2;1;0;2;2;0;0;1;1;5;1;3
Rhynchanthera_SPP.;Rhynchanthera;MELASTOMATACEAE;1;2;1;0;2;1;0;1;1;0;1;0;5
Rhytidophyllum_SP.;Rhytidophyllum;GESNERIACEAE;0;0;1;0;2;1;0;1;1;1;5;1;2
Richeria_grandis;Richeria;PHYLLANTHACEAE;1;2;0;0;2;1;0;1;1;1;5;1;1
Rochefortia_SP.;Rochefortia;BORAGINACEAE;1;2;3;0;2;2;1;1;2;0;5;1;4
Rollinia_annonoides;Rollinia;ANNONACEAE;1;2;3;1;2;0;0;0;2;0;5;1;4
Rollinia_exsucca;Rollinia;ANNONACEAE;1;2;3;0;2;0;1;1;2;0;5;1;0
Rollinia_mucosa;Rollinia;ANNONACEAE;1;2;3;0;2;2;0;1;1;0;1;1;3
Rollinia_spp.;Rollinia;ANNONACEAE;0;2;3;0;2;2;0;1;1;1;5;1;0
Rondeletia_cooperi;Rondeletia;RUBIACEAE;1;2;3;0;2;2;2;1;1;0;1;2;3
Roucheria_calophylla;Roucheria;LINACEAE;1;2;3;0;2;0;0;1;2;0;5;2;4
Roucheria_punctata;Roucheria;LINACEAE;0;2;3;0;2;2;0;1;1;1;5;2;0
Roupala_montana;Roupala;PROTEACEAE;1;2;3;0;2;2;1;1;2;1;5;1;4
Rourea_pubescens;Rourea;CONNARACEAE;1;2;3;0;2;2;1;1;2;1;5;1;3
Rourea_SPP.;Rourea;CONNARACEAE;1;2;0;0;2;1;2;1;2;0;1;3;5
Ruagea_insignis;Ruagea;MELIACEAE;0;2;3;0;2;3;1;1;1;0;5;1;5
Ruptiliocarpon_caracolito;Ruptiliocarpon;LEPIDOBOTRYACEAE;1;2;3;2;2;0;0;0;1;0;5;1;4
Ryania_angustifolia;Ryania;SALICACEAE;1;2;3;0;2;3;0;1;1;1;5;1;0
Ryania_speciosa;Ryania;SALICACEAE;0;2;3;0;2;2;0;1;1;1;1;0;2
Ryania_SPP.;Ryania;SALICACEAE;1;2;3;0;1;0;1;0;1;0;5;2;4
Sacoglottis_amazonica;Sacoglottis;HUMIRIACEAE;1;2;3;0;2;1;1;0;1;0;5;3;4
Sacoglottis_cydonioides;Sacoglottis;HUMIRIACEAE;1;2;3;0;2;0;1;0;0;0;5;3;4
Sagotia_racemosa;Sagotia;EUPHORBIACEAE;1;2;3;1;2;2;2;1;2;1;1;1;4
Salacia_SPP.;Salacia;CELASTRACEAE;1;2;3;1;2;2;1;1;2;1;5;1;4
Salvia_candicans;Salvia;LAMIACEAE;1;2;3;0;2;2;1;1;2;1;5;0;2
Samyda_SP.;Samyda;SALICACEAE;1;2;3;0;2;2;0;1;2;0;0;2;2
Sandemania_hoehnei;Sandemania;MELASTOMATACEAE;0;1;1;0;2;1;0;1;1;1;5;2;4
Sapindus_saponaria;Sapindus;SAPINDACEAE;1;2;1;0;2;0;1;0;1;0;5;1;4
Sapium_laurifolium;Sapium;EUPHORBIACEAE;1;2;3;0;2;2;0;0;2;1;4;1;0
Sapium_laurocerasus;Sapium;EUPHORBIACEAE;1;2;3;0;2;3;0;1;1;0;2;0;5
Sapium_stylare;Sapium;EUPHORBIACEAE;1;2;3;0;2;2;0;1;1;0;5;1;0
Sapranthus_microcarpus;Sapranthus;ANNONACEAE;1;2;3;0;2;1;0;0;1;0;2;1;5
Sapranthus_SPP.;Sapranthus;ANNONACEAE;1;2;3;0;2;2;1;1;1;1;1;0;2
Sarcaulus_brasiliensis;Sarcaulus;SAPOTACEAE;1;2;3;0;2;1;0;1;1;0;3;2;4
Saurauia_yasicae;Saurauia;ACTINIDIACEAE;1;2;3;0;2;1;0;1;1;0;3;2;2
Scalesia_helleri;Scalesia;ASTERACEAE;1;2;3;1;1;2;1;1;1;1;5;3;4
Scalesia_pedunculata;Scalesia;ASTERACEAE;1;2;1;0;2;1;0;1;2;0;5;1;4
Schaefferia_frutescens;Schaefferia;CELASTRACEAE;1;2;3;0;2;1;0;1;1;1;5;1;1
Schefflera_decaphylla;Schefflera;ARALIACEAE;1;2;3;0;2;1;0;1;1;1;5;2;3
Schefflera_group;Schefflera;ARALIACEAE;1;2;3;0;2;1;2;1;1;0;5;1;2
Schefflera_vinosa;Schefflera;ARALIACEAE;1;2;3;0;2;2;0;0;0;1;5;2;2
Schinopsis_balansae;Schinopsis;ANACARDIACEAE;1;2;3;1;2;1;0;0;1;1;5;1;3
Schinopsis_brasiliensis;Schinopsis;ANACARDIACEAE;0;2;3;0;0;1;0;0;1;1;5;1;2
Schinopsis_lorentzii;Schinopsis;ANACARDIACEAE;1;2;3;0;2;2;0;0;1;1;4;2;2
Schinus_aff.;Schinus;ANACARDIACEAE;0;2;3;0;2;2;0;1;2;1;5;1;2
Schinus_molle;Schinus;ANACARDIACEAE;1;2;3;0;2;2;0;0;2;1;1;1;2
Schinus_spp;Schinus;ANACARDIACEAE;1;2;1;0;2;2;0;1;2;1;5;2;2
Schinus_terebinthifolius;Schinus;ANACARDIACEAE;1;2;1;0;2;1;0;0;1;1;5;1;2
Schlegelia_nicaraguensis;Schlegelia;SCROPHULARIACEAE;0;1;1;0;2;1;0;0;1;1;5;2;3
Schlegelia_parviflora;Schlegelia;SCROPHULARIACEAE;0;2;2;0;2;0;0;1;1;1;5;1;3
Scutia_spicata;Scutia;RHAMNACEAE;1;2;3;0;2;1;0;1;1;1;0;1;0
Sebastiania_commersoniana;Sebastiania;EUPHORBIACEAE;1;2;3;0;2;2;0;1;1;1;5;2;2
Securidaca_diversifolia;Securidaca;POLYGALACEAE;1;2;3;0;2;0;0;1;2;1;5;1;1
Senefelderopsis_croizatii;Senefelderopsis;EUPHORBIACEAE;1;2;3;0;2;2;2;1;1;1;5;1;1
Serjania_atrolineata;Serjania;SAPINDACEAE;1;2;3;0;2;2;1;1;1;1;5;0;1
Serjania_corrugata;Serjania;SAPINDACEAE;1;2;1;0;2;2;0;1;1;0;1;0;5
Serjania_lethalis;Serjania;SAPINDACEAE;1;2;3;0;2;2;0;1;1;1;1;2;4
Sextonia_rubra;Sextonia;LAURACEAE;1;2;3;0;2;2;0;0;1;1;5;1;5
Sideroxylon_aff.;Sideroxylon;SAPOTACEAE;1;2;1;0;2;3;0;1;1;1;1;2;1
Sideroxylon_foetidissimum;Sideroxylon;SAPOTACEAE;1;2;3;0;2;3;0;0;1;1;5;1;2
Sideroxylon_lanuginosum;Sideroxylon;SAPOTACEAE;1;2;1;0;2;2;0;1;2;0;5;1;4
Sideroxylon_obovatum;Sideroxylon;SAPOTACEAE;1;2;1;0;2;1;0;1;2;0;2;1;4
Sideroxylon_salicifolium;Sideroxylon;SAPOTACEAE;0;0;1;0;2;1;0;1;2;0;1;2;2
Sideroxylon_stevensonii;Sideroxylon;SAPOTACEAE;1;2;2;0;2;1;0;1;2;0;1;1;2
Simaba_cedron;Simaba;SIMAROUBACEAE;1;2;1;0;2;1;0;1;2;0;1;1;4
Simaba_orinocensis;Simaba;SIMAROUBACEAE;1;2;1;0;2;2;0;1;2;0;1;1;4
Simarouba_amara;Simarouba;SIMAROUBACEAE;0;2;3;0;2;2;0;1;1;1;4;2;0
Simarouba_glauca;Simarouba;SIMAROUBACEAE;1;2;3;0;2;2;0;1;1;1;0;2;0
Simarouba_versicolor;Simarouba;SIMAROUBACEAE;1;2;3;0;2;3;0;1;0;1;1;1;0
Simira_maxonii;Simira;RUBIACEAE;1;2;3;0;2;3;0;1;1;1;1;2;0
Simira_rubescens;Simira;RUBIACEAE;1;2;3;0;2;2;0;1;1;1;0;2;0
Simira_SP.;Simira;RUBIACEAE;1;2;3;0;2;1;0;0;2;0;5;1;4
Simira_tinctoria;Simira;RUBIACEAE;1;2;3;0;2;1;0;0;1;0;5;2;4
Siparuna_bifida;Siparuna;SIPARUNACEAE;1;2;3;0;2;0;0;0;1;0;5;2;3
Siparuna_brasiliensis;Siparuna;SIPARUNACEAE;1;2;3;0;2;1;0;0;2;0;5;1;4
Siparuna_decipiens;Siparuna;SIPARUNACEAE;1;2;3;0;2;1;0;1;2;1;5;1;4
Siparuna_poeppigii;Siparuna;SIPARUNACEAE;1;2;3;1;2;2;1;1;2;0;5;2;4
Siparuna_reginae;Siparuna;SIPARUNACEAE;1;2;3;2;2;1;0;1;2;0;5;2;4
Sloanea_grandiflora;Sloanea;ELAEOCARPACEAE;1;2;3;0;2;1;1;1;2;0;5;1;4
Sloanea_guianensis;Sloanea;ELAEOCARPACEAE;1;2;3;0;2;1;1;1;2;1;5;2;3
Sloanea_hirsuta;Sloanea;ELAEOCARPACEAE;1;2;3;0;2;2;0;1;2;0;4;2;4
Sloanea_laurifolia;Sloanea;ELAEOCARPACEAE;0;2;3;2;2;2;0;1;1;1;4;2;3
Sloanea_medusula;Sloanea;ELAEOCARPACEAE;0;2;3;0;2;1;0;0;1;1;5;2;2
Sloanea_SPP.;Sloanea;ELAEOCARPACEAE;1;2;3;0;2;2;0;1;2;0;4;2;4
Solanum_acropterum;Solanum;SOLANACEAE;1;2;3;0;2;2;0;1;1;0;4;2;4
Solanum_paludosum;Solanum;SOLANACEAE;0;2;1;0;2;1;0;1;1;1;4;1;2
Solanum_vanheurckii;Solanum;SOLANACEAE;1;2;1;0;2;0;1;1;1;0;5;0;1
Solenophora_calycosa;Solenophora;GESNERIACEAE;1;2;3;0;2;2;0;1;1;1;5;0;0
Sommera_SP.;Sommera;RUBIACEAE;1;2;3;0;2;2;0;1;1;1;5;1;0
Sorocea_muriculata;Sorocea;MORACEAE;1;2;3;0;2;0;1;1;1;0;5;1;4
Sorocea_SP.;Sorocea;MORACEAE;1;2;3;0;2;2;0;1;2;0;4;1;4
Sorocea_SPP.;Sorocea;MORACEAE;1;2;3;0;2;1;0;1;2;1;4;2;3
Souroubea_guianensis;Souroubea;MARCGRAVIACEAE;1;2;3;0;2;1;0;1;2;1;0;1;4
Spachea_elegans;Spachea;MALPIGHIACEAE;1;2;3;0;2;2;0;1;1;1;1;2;2
Sparattosperma_leucanthum;Sparattosperma;BIGNONIACEAE;1;2;3;0;2;2;0;0;1;1;5;2;3
Spathelia_sobrifolia;Spathelia;RUTACEAE;1;2;3;0;2;1;0;1;2;1;4;1;4
Spigelia_anthelmia;Spigelia;LOGANIACEAE;0;2;1;0;2;1;0;1;1;1;3;1;2
Spondias_lutea;Spondias;ANACARDIACEAE;0;1;0;0;2;0;2;1;1;1;4;1;3
Spondias_mombin;Spondias;ANACARDIACEAE;1;2;3;2;2;0;2;1;0;0;5;0;1
Spondias_purpurea;Spondias;ANACARDIACEAE;1;2;3;0;2;2;0;0;1;1;5;2;3
Spondias_SPP.;Spondias;ANACARDIACEAE;1;2;3;0;2;2;0;0;1;1;5;2;2
Spondias_tuberosa;Spondias;ANACARDIACEAE;1;2;3;0;2;2;0;0;0;1;5;2;2
Stenanona_SPP.;Stenanona;ANNONACEAE;0;2;3;0;2;1;0;0;1;1;5;2;3
Stenostomum_acreanum;Stenostomum;RUBIACEAE;1;2;3;0;2;1;0;0;1;0;5;2;4
Stenostomum_resinosum;Stenostomum;RUBIACEAE;1;2;3;0;2;1;2;1;1;0;1;2;2
Sterigmapetalum_obovatum;Sterigmapetalum;RHIZOPHORACEAE;1;2;3;0;2;3;0;1;2;0;0;3;3
Sterigmapetalum_SPP.;Sterigmapetalum;RHIZOPHORACEAE;1;2;3;0;2;2;0;1;1;1;3;2;2
Stigmaphyllon_SP.;Stigmaphyllon;MALPIGHIACEAE;1;2;3;1;2;2;1;1;2;1;5;2;4
Stizophyllum_riparium;Stizophyllum;BIGNONIACEAE;1;2;3;1;1;2;1;1;2;1;5;1;3
Streptosolen_jamesonii;Streptosolen;SOLANACEAE;1;2;3;0;2;3;0;1;2;0;0;1;3
Strychnos_glabra;Strychnos;LOGANIACEAE;0;2;3;0;2;2;0;0;1;1;4;1;5
Styloceras_laurifolium;Styloceras;BUXACEAE;1;2;3;0;2;3;1;1;2;1;5;2;3
Styrax_argenteus;Styrax;STYRACACEAE;1;2;2;0;2;1;2;1;2;1;5;2;5
Styrax_camporum;Styrax;STYRACACEAE;1;2;3;1;1;1;0;1;1;0;5;1;3
Styrax_ferrugineus;Styrax;STYRACACEAE;0;2;3;2;2;1;1;1;1;1;5;1;4
Styrax_guyanensis;Styrax;STYRACACEAE;1;2;3;2;2;1;2;1;1;1;1;1;4
Styrax_martii;Styrax;STYRACACEAE;1;2;3;2;2;1;2;1;1;1;1;1;4
Styrax_SPP.;Styrax;STYRACACEAE;1;2;3;1;2;1;1;1;0;0;5;1;4
Swietenia_macrophylla;Swietenia;MELIACEAE;0;2;3;1;2;1;1;1;1;0;3;2;4
Swietenia_mahagoni;Swietenia;MELIACEAE;1;2;1;0;2;1;0;1;2;1;4;0;1
Swietenia_SPP.;Swietenia;MELIACEAE;1;2;3;0;2;2;0;0;1;1;4;2;2
Symmeria_paniculata;Symmeria;POLYGONACEAE;1;2;3;0;2;2;0;1;1;1;4;2;2
Symphonia_globulifera;Symphonia;CLUSIACEAE;0;2;3;0;2;2;0;1;1;1;4;2;2
Symplocos_celastrinea;Symplocos;SYMPLOCACEAE;1;2;3;0;2;1;0;0;1;1;5;2;0
Symplocos_glandulosomarginata;Symplocos;SYMPLOCACEAE;1;2;3;0;2;3;0;1;2;1;1;1;0
Symplocos_guianensis;Symplocos;SYMPLOCACEAE;1;2;3;1;2;0;2;1;1;1;5;2;3
Symplocos_martinicensis;Symplocos;SYMPLOCACEAE;0;2;3;1;0;1;1;1;1;1;5;2;2
Symplocos_nitidiflora;Symplocos;SYMPLOCACEAE;1;2;3;1;0;1;2;1;1;0;5;1;4
Symplocos_pilosiuscula;Symplocos;SYMPLOCACEAE;1;2;3;1;0;1;2;1;1;1;5;1;3
Symplocos_SPP.;Symplocos;SYMPLOCACEAE;0;2;3;1;1;1;1;1;1;0;5;1;4
Tabebuia_cassinoides;Tabebuia;BIGNONIACEAE;1;2;3;0;2;2;1;1;1;1;5;1;4
Tabebuia_insignis;Tabebuia;BIGNONIACEAE;1;2;3;0;2;1;0;1;2;1;4;1;0
Tabebuia_orinocensis;Tabebuia;BIGNONIACEAE;1;2;3;0;2;1;0;1;1;1;3;1;0
Tabebuia_rosea;Tabebuia;BIGNONIACEAE;1;2;3;0;2;2;0;1;2;1;4;1;0
Tabebuia_stenocalyx;Tabebuia;BIGNONIACEAE;1;2;3;0;2;1;0;1;1;1;4;0;0
Tabernaemontana_attenuata;Tabernaemontana;APOCYNACEAE;1;2;3;0;2;2;0;1;1;1;4;1;0
Tabernaemontana_catharinensis;Tabernaemontana;APOCYNACEAE;1;2;3;0;2;1;0;1;1;1;1;0;0
Tabernaemontana_citrifolia;Tabernaemontana;APOCYNACEAE;1;2;3;0;2;1;0;0;1;0;5;1;4
Tabernaemontana_cymosa;Tabernaemontana;APOCYNACEAE;1;2;1;0;2;0;0;0;1;0;5;1;3
Tabernaemontana_laeta;Tabernaemontana;APOCYNACEAE;1;2;3;0;2;1;0;0;0;0;5;1;4
Talisia_esculenta;Talisia;SAPINDACEAE;1;2;1;0;2;1;0;0;1;0;5;1;4
Talisia_macrophylla;Talisia;SAPINDACEAE;1;2;1;0;2;0;0;0;1;0;5;2;4
Talisia_microphylla;Talisia;SAPINDACEAE;1;2;3;0;2;1;0;1;2;1;1;1;0
Tanaecium_pyramidatum;Tanaecium;BIGNONIACEAE;1;2;3;0;2;2;0;1;1;1;0;0;0
Tapirira_guianensis;Tapirira;ANACARDIACEAE;0;2;3;0;2;3;0;0;1;1;5;2;3
Tapirira_obtusa;Tapirira;ANACARDIACEAE;1;2;3;0;2;2;0;0;1;1;5;1;3
Tapirira_SPP.;Tapirira;ANACARDIACEAE;0;2;3;0;2;1;0;0;0;1;5;1;3
Tapura_aff.;Tapura;DICHAPETALACEAE;1;2;3;0;2;2;0;0;0;1;5;1;4
Tapura_capitulifera;Tapura;DICHAPETALACEAE;1;2;3;0;2;1;0;1;2;1;5;2;4
Tapura_guianensis;Tapura;DICHAPETALACEAE;1;2;3;0;2;1;0;1;2;1;5;1;4
Tecoma_stans;Tecoma;BIGNONIACEAE;0;2;3;0;2;1;0;0;1;1;5;1;1
Telitoxicum_krukovii;Telitoxicum;MENISPERMACEAE;1;2;3;0;2;1;0;0;1;1;4;1;3
Terminalia_argentea;Terminalia;COMBRETACEAE;1;2;1;0;2;2;0;1;1;1;1;0;2
Terminalia_buceras;Terminalia;COMBRETACEAE;1;2;3;0;2;1;0;1;2;1;4;0;0
Terminalia_dichotoma;Terminalia;COMBRETACEAE;0;2;3;0;2;1;0;1;2;1;5;1;0
Terminalia_glabrescens;Terminalia;COMBRETACEAE;1;2;3;0;2;2;0;1;1;1;5;0;0
Terminalia_guyanensis;Terminalia;COMBRETACEAE;1;2;3;0;2;1;0;0;1;1;5;0;1
Terminalia_oblonga;Terminalia;COMBRETACEAE;1;2;3;0;2;2;0;0;2;1;3;0;0
Terminalia_virens;Terminalia;COMBRETACEAE;1;2;3;0;2;2;0;1;2;1;4;0;0
Ternstroemia_brasiliensis;Ternstroemia;PENTAPHYLACACEAE;1;2;3;0;2;1;0;1;2;1;0;1;5
Ternstroemia_browniana;Ternstroemia;PENTAPHYLACACEAE;0;2;3;1;1;1;0;1;1;1;5;2;4
Ternstroemia_lineata;Ternstroemia;PENTAPHYLACACEAE;1;2;3;1;1;1;2;1;1;0;5;2;3
Tetracera_oblongata;Tetracera;DILLENIACEAE;1;2;3;0;2;2;0;1;1;1;0;1;3
Tetragastris_altissima;Tetragastris;BURSERACEAE;1;2;3;0;0;2;1;1;1;0;5;3;4
Tetragastris_balsamifera;Tetragastris;BURSERACEAE;1;2;3;0;2;2;0;0;1;1;5;1;3
Tetragastris_panamensis;Tetragastris;BURSERACEAE;1;2;3;0;2;2;0;0;2;1;5;1;3
Tetrastylidium_grandifolium;Tetrastylidium;OLACACEAE;1;2;3;0;2;1;0;0;2;1;5;1;2
Tetrathylacium_macrophyllum;Tetrathylacium;SALICACEAE;1;2;3;1;0;1;0;1;2;1;1;1;4
Tetrathylacium_SPP.;Tetrathylacium;SALICACEAE;1;2;3;1;2;0;0;1;2;0;5;2;4
Tetrazygia_pallens;Tetrazygia;MELASTOMATACEAE;1;2;3;1;2;1;1;0;0;0;5;2;4
Tetrorchidium_rubrivenium;Tetrorchidium;EUPHORBIACEAE;1;2;3;0;2;1;0;1;1;1;5;0;5
Tetrorchidium_SPP.;Tetrorchidium;EUPHORBIACEAE;1;2;3;1;2;2;1;1;1;1;5;1;5
Thamnosma_SP.;Thamnosma;RUTACEAE;1;2;3;0;2;2;0;1;1;0;2;1;5
Theophrasta_americana;Theophrasta;PRIMULACEAE;0;0;3;0;2;0;0;1;1;0;5;0;2
Thornea_SPP.;Thornea;HYPERICACEAE;1;2;3;0;2;3;2;1;1;1;5;2;2
Thryallis_SP.;Thryallis;MALPIGHIACEAE;1;2;3;0;2;1;0;1;1;1;4;1;0
Tibouchina_aspera;Tibouchina;MELASTOMATACEAE;1;2;3;1;2;2;0;1;1;1;5;1;2
Tibouchina_estrellensis;Tibouchina;MELASTOMATACEAE;1;2;3;0;2;1;0;1;1;1;5;1;1
Tibouchina_francavillana;Tibouchina;MELASTOMATACEAE;0;2;3;0;2;2;0;1;1;1;5;2;5
Tibouchina_stenocarpa;Tibouchina;MELASTOMATACEAE;0;2;3;0;2;2;2;0;1;1;5;1;5
Ticodendron_incognitum;Ticodendron;TICODENDRACEAE;1;2;3;0;2;1;2;0;1;0;5;1;1
Tococa_spp.;Tococa;MELASTOMATACEAE;0;2;3;0;2;1;0;1;0;0;5;2;0
Tocoyena_formosa;Tocoyena;RUBIACEAE;1;2;3;0;2;1;0;0;1;1;0;0;1
Tocoyena_SP.;Tocoyena;RUBIACEAE;1;2;3;0;2;1;0;1;2;0;5;1;5
Tocoyena_williamsii;Tocoyena;RUBIACEAE;1;2;3;0;2;0;1;1;1;0;5;1;4
Tournefortia_caracsana;Tournefortia;BORAGINACEAE;1;2;3;0;2;2;0;1;1;1;4;1;0
Tournefortia_fuliginosa;Tournefortia;BORAGINACEAE;0;2;3;0;2;0;0;1;1;1;0;1;2
Tournefortia_pubescens;Tournefortia;BORAGINACEAE;1;2;3;0;2;1;0;1;1;0;5;1;3
Touroulia_guianensis;Touroulia;OCHNACEAE;1;2;3;0;2;1;0;1;1;1;5;2;1
Tovomita_longifolia;Tovomita;CLUSIACEAE;1;2;1;0;2;2;2;1;2;1;5;2;4
Tovomita_SPP.;Tovomita;CLUSIACEAE;1;2;3;0;0;1;0;1;2;1;5;1;4
Tovomita_umbellata;Tovomita;CLUSIACEAE;1;2;1;0;0;2;0;1;2;1;5;2;3
Toxicodendron_radicans;Toxicodendron;ANACARDIACEAE;1;2;3;0;0;2;0;1;2;1;5;1;3
Toxicodendron_striatum;Toxicodendron;ANACARDIACEAE;0;0;3;0;2;2;0;1;1;1;4;2;2
Trattinnickia_burserifolia;Trattinnickia;BURSERACEAE;1;2;3;0;2;2;0;0;1;1;5;1;2
Trattinnickia_demerarae;Trattinnickia;BURSERACEAE;1;2;3;0;2;2;0;0;1;0;5;1;3
Trema_lamarckiana;Trema;CANNABACEAE;1;2;3;0;2;2;0;0;1;1;5;1;3
Trema_micrantha;Trema;CANNABACEAE;1;2;3;0;2;2;0;1;1;1;5;2;2
Trembleya_parviflora;Trembleya;MELASTOMATACEAE;1;2;3;0;2;2;0;1;1;1;5;1;4
Trichilia_elegans;Trichilia;MELIACEAE;1;2;3;0;2;2;0;0;1;1;5;1;4
Trichilia_martiana;Trichilia;MELIACEAE;1;2;3;0;2;2;0;0;1;1;1;0;0
Trichilia_maynasiana;Trichilia;MELIACEAE;1;2;3;0;2;2;0;1;1;1;2;0;0
Trichilia_pallida;Trichilia;MELIACEAE;1;2;3;0;2;1;0;1;2;1;4;0;3
Trichilia_quadrijuga;Trichilia;MELIACEAE;1;2;3;0;2;1;0;1;1;1;1;0;0
Trichilia_schomburgkii;Trichilia;MELIACEAE;1;2;3;0;2;2;0;1;2;1;1;0;3
Trichilia_spp.;Trichilia;MELIACEAE;1;2;3;0;2;1;0;1;2;1;1;0;4
Trigonia_SP.;Trigonia;TRIGONIACEAE;1;2;3;0;2;1;0;1;1;1;1;0;2
Triplaris_americana;Triplaris;POLYGONACEAE;1;2;1;0;2;2;1;1;2;0;1;2;2
Triplaris_SPP.;Triplaris;POLYGONACEAE;0;2;3;0;2;1;0;0;1;1;5;1;0
Triplaris_weigeltiana;Triplaris;POLYGONACEAE;1;2;3;0;2;2;0;0;1;1;5;1;0
Trophis_aspera;Trophis;MORACEAE;1;2;3;0;2;1;0;0;0;1;5;1;0
Trophis_mexicana;Trophis;MORACEAE;1;2;3;0;2;2;0;1;1;1;3;1;2
Trophis_racemosa;Trophis;MORACEAE;1;2;3;0;2;2;0;1;1;1;0;2;4
Trymatococcus_amazonicus;Trymatococcus;MORACEAE;1;2;3;0;2;2;0;1;1;1;4;2;3
Turnera_SP.;Turnera;TURNERACEAE;1;2;3;0;2;1;0;1;1;1;4;2;3
Turpinia_occidentalis;Turpinia;STAPHYLEACEAE;1;2;3;0;2;0;1;1;2;0;5;1;1
Turpinia_SPP.;Turpinia;STAPHYLEACEAE;1;2;3;1;1;2;2;1;1;1;5;2;4
Tyleria_floribunda;Tyleria;OCHNACEAE;1;2;3;1;0;1;1;1;1;1;5;2;4
Tynanthus_cognatus;Tynanthus;BIGNONIACEAE;1;2;3;0;2;1;0;1;2;1;5;2;4
Uncaria_guianensis;Uncaria;RUBIACEAE;0;2;3;0;2;2;0;1;1;1;4;2;0
Unonopsis_glaucopetala;Unonopsis;ANNONACEAE;1;2;3;0;2;2;0;1;1;1;5;2;4
Unonopsis_rufescens;Unonopsis;ANNONACEAE;0;2;3;0;2;2;0;1;1;1;1;2;0
Unonopsis_spp.;Unonopsis;ANNONACEAE;1;2;3;0;2;2;0;1;2;0;3;2;3
Valeriana_parviflora;Valeriana;VALERIANACEAE;1;2;3;0;2;2;1;1;1;0;3;3;3
Vantanea_parviflora;Vantanea;HUMIRIACEAE;1;2;3;1;2;2;1;1;2;1;5;1;4
Vernonia_baccharoides;Vernonia;ASTERACEAE;1;2;3;1;2;2;1;1;2;1;5;1;4
Viburnum_stellatotomentosum;Viburnum;VIBURNACEAE;1;2;3;0;2;2;0;1;1;1;5;3;2
Virola_flexuosa;Virola;MYRISTICACEAE;1;2;3;0;2;1;0;0;1;1;5;1;3
Virola_koschnyi;Virola;MYRISTICACEAE;1;2;3;0;2;2;0;1;1;1;4;1;3
Virola_michelii;Virola;MYRISTICACEAE;1;2;3;0;2;2;0;1;1;1;4;1;2
Virola_SPP.;Virola;MYRISTICACEAE;1;2;3;1;2;2;0;1;1;1;5;1;4
Virola_surinamensis;Virola;MYRISTICACEAE;1;2;3;0;2;2;0;1;0;1;4;1;4
Vismia_baccifera;Vismia;HYPERICACEAE;1;2;3;0;2;2;0;1;1;1;4;1;4
Vismia_cayennensis;Vismia;HYPERICACEAE;1;2;3;0;2;2;0;1;1;1;1;2;3
Vismia_latifolia;Vismia;HYPERICACEAE;1;2;1;0;2;2;0;1;1;0;2;1;4
Vismia_SPP.;Vismia;HYPERICACEAE;1;2;1;0;2;2;0;1;1;0;2;1;4
Vitex_cymosa;Vitex;LAMIACEAE;1;2;1;0;2;2;1;1;1;0;1;1;3
Vitex_gaumeri;Vitex;LAMIACEAE;0;1;3;0;2;2;0;0;1;1;4;2;2
Vitex_krukovii;Vitex;LAMIACEAE;0;2;3;0;2;2;0;0;1;1;5;1;2
Vitex_orinocensis;Vitex;LAMIACEAE;1;2;3;0;2;2;0;0;1;1;5;2;0
Vitex_stahelii;Vitex;LAMIACEAE;0;2;3;0;2;2;0;0;1;1;4;1;2
Vochysia_cinnarmonea;Vochysia;VOCHYSIACEAE;1;2;3;0;2;2;0;0;1;1;5;2;2
Vochysia_ferruginea;Vochysia;VOCHYSIACEAE;1;2;3;0;2;1;2;1;1;1;0;2;3
Vochysia_guatemalensis;Vochysia;VOCHYSIACEAE;1;2;3;0;2;2;0;1;1;1;0;2;3
Vochysia_lanceolata;Vochysia;VOCHYSIACEAE;1;2;3;0;2;3;0;1;1;1;0;2;2
Vochysia_rufa;Vochysia;VOCHYSIACEAE;1;2;3;0;2;2;0;1;2;1;5;2;4
Vochysia_schomburgkii;Vochysia;VOCHYSIACEAE;1;2;3;0;2;1;2;1;1;1;4;1;2
Vochysia_SPP.;Vochysia;VOCHYSIACEAE;1;2;3;0;2;3;0;1;1;1;0;2;3
Vochysia_tucanorum;Vochysia;VOCHYSIACEAE;1;2;3;0;2;3;0;1;1;1;1;2;3
Vochysia_venezuelana;Vochysia;VOCHYSIACEAE;1;2;3;0;2;2;0;1;0;1;0;2;3
Vouarana_guianensis;Vouarana;SAPINDACEAE;0;2;3;0;2;2;0;1;1;1;5;0;2
Warszewiczia_coccinea;Warszewiczia;RUBIACEAE;1;2;3;0;2;1;0;0;1;0;5;2;4
Weinmannia_descendens;Weinmannia;CUNONIACEAE;1;2;3;1;1;1;1;1;2;0;5;1;4
Wigandia_spp.;Wigandia;HYDROPHYLLACEAE;1;2;3;0;2;2;2;1;1;0;5;1;2
Wimmeria_concolor;Wimmeria;CELASTRACEAE;0;2;3;0;2;1;1;0;1;1;1;1;3
Wurdastom_subglabra;Wurdastom;MELASTOMATACEAE;1;2;3;0;1;1;0;1;1;1;5;1;1
Xylophragma_pratense;Xylophragma;BIGNONIACEAE;0;2;3;0;2;3;0;0;1;1;4;2;5
Xylophragma_seemaniana;Xylophragma;BIGNONIACEAE;0;1;3;0;2;2;0;0;1;1;4;2;2
Xylopia_aromatica;Xylopia;ANNONACEAE;1;2;3;0;2;2;2;1;1;1;1;2;0
Xylopia_brasiliensis;Xylopia;ANNONACEAE;0;2;3;0;2;2;2;1;1;0;1;2;0
Xylopia_discreta;Xylopia;ANNONACEAE;1;2;3;0;2;2;0;1;1;1;1;2;0
Xylopia_frutescens;Xylopia;ANNONACEAE;1;2;3;0;2;1;0;1;1;1;1;1;0
Xylopia_laevigata;Xylopia;ANNONACEAE;1;2;3;0;2;1;0;1;1;1;1;2;0
Xylopia_parviflora;Xylopia;ANNONACEAE;1;2;3;0;2;2;2;1;2;0;1;2;2
Xylopia_pollanei;Xylopia;ANNONACEAE;1;2;3;0;2;2;0;1;1;0;2;1;0
Xylopia_sericea;Xylopia;ANNONACEAE;0;2;3;0;2;2;2;1;1;0;1;2;2
Xylopia_ulei;Xylopia;ANNONACEAE;1;2;3;0;2;2;2;1;2;0;1;1;0
Xylosma_flexuosa;Xylosma;SALICACEAE;0;2;3;0;2;1;0;0;1;1;5;1;4
Zanthoxylum_arborescens;Zanthoxylum;RUTACEAE;0;1;3;0;2;0;0;1;1;1;4;1;2
Zanthoxylum_caribaeum;Zanthoxylum;RUTACEAE;0;2;3;0;2;2;0;1;1;1;4;1;2
Zanthoxylum_clava-herculis;Zanthoxylum;RUTACEAE;0;2;3;0;2;1;0;1;1;1;5;1;2
Zanthoxylum_fagara;Zanthoxylum;RUTACEAE;0;2;3;0;2;1;0;1;1;1;4;2;3
Zanthoxylum_flavum;Zanthoxylum;RUTACEAE;0;2;3;0;2;1;0;1;1;1;4;1;2
Zanthoxylum_kellermanii;Zanthoxylum;RUTACEAE;0;2;3;0;2;2;0;1;0;1;4;1;2
Zanthoxylum_limoncello;Zanthoxylum;RUTACEAE;0;2;3;0;2;0;0;1;1;1;4;1;0
Zanthoxylum_martinicense;Zanthoxylum;RUTACEAE;0;2;3;0;2;1;0;1;1;1;4;2;3
Zanthoxylum_melanostictum;Zanthoxylum;RUTACEAE;0;2;3;0;2;2;0;1;1;1;4;1;2
Zanthoxylum_mollissimum;Zanthoxylum;RUTACEAE;0;2;3;1;2;1;0;1;1;1;4;1;0
Zanthoxylum_quinduense;Zanthoxylum;RUTACEAE;1;2;3;0;2;1;0;1;1;1;5;1;2
Zanthoxylum_rhoifolium;Zanthoxylum;RUTACEAE;1;2;3;0;2;2;0;1;1;1;4;1;2
Zeyheria_montana;Zeyheria;BIGNONIACEAE;0;2;3;0;2;1;0;1;1;1;4;1;0
Zinowiewia_concinna;Zinowiewia;CELASTRACEAE;0;2;1;0;2;2;2;1;1;1;0;2;3
Ziziphus_amole;Ziziphus;RHAMNACEAE;1;2;3;0;2;1;0;1;2;1;4;1;2
Ziziphus_chloroxylon;Ziziphus;RHAMNACEAE;1;2;3;0;2;1;0;1;2;1;4;2;2
Ziziphus_melastomoides;Ziziphus;RHAMNACEAE;1;2;3;0;2;1;0;1;2;1;5;2;4
Ziziphus_SPP.;Ziziphus;RHAMNACEAE;0;2;3;0;2;1;0;1;1;1;1;2;2
Zuelania_guidonia;Zuelania;SALICACEAE;1;2;3;0;2;1;1;0;1;0;5;1;4
